,Name,Namelsad,AWATER,Mexican-American Population,Total Population,"State Exports to Mexico, 2019","State Imports from Mexico, 2019",Sen1,Sen2,"Exports to Mexico, 2019 (USD Million)",Representative,Party Affiliation,Rep and Party,"Total Jobs, 2019",District,"State Jobs, 2019",Nombre,Apellido
0,Connecticut,Congressional District 1,51291912,6803.0,713076.0,831941757,2952945201,Richard Blumenthal (D),Christopher Murphy (D),172.26430431351898,John Larson,Democrat,John Larson (D),954,Connecticut 1st,4839,John,Larson
1,Connecticut,Congressional District 3,68693984,14011.0,715728.0,831941757,2952945201,Richard Blumenthal (D),Christopher Murphy (D),182.14301395885732,Rosa DeLauro,Democrat,Rosa DeLauro (D),976,Connecticut 3rd,4839,Rosa,DeLauro
2,Connecticut,Congressional District 4,214325604,21072.0,735915.0,831941757,2952945201,Richard Blumenthal (D),Christopher Murphy (D),161.07432459372885,Jim Himes,Democrat,Jim Himes (D),746,Connecticut 4th,4839,Jim,Himes
3,Connecticut,Congressional District 5,88053659,8570.0,711761.0,831941757,2952945201,Richard Blumenthal (D),Christopher Murphy (D),194.78674181228013,Jahana Hayes,Democrat,Jahana Hayes (D),1035,Connecticut 5th,4839,Jahana,Hayes
4,Connecticut,Congressional District 2,297591677,6927.0,705024.0,831941757,2952945201,Richard Blumenthal (D),Christopher Murphy (D),215.0285053216137,Joe Courtney,Democrat,Joe Courtney (D),1128,Connecticut 2nd,4839,Joe,Courtney
5,Maine,Congressional District 1,4733548431,3309.0,679024.0,50617837,89645116,Susan Collins (R),Angus King (I),20.89688783707587,Chellie Pingree,Democrat,Chellie Pingree (D),109,Maine 1st,249,Chellie,Pingree
6,Maine,Congressional District 2,7013001333,2942.0,653789.0,50617837,89645116,Susan Collins (R),Angus King (I),28.856150162924067,Jared Golden,Democrat,Jared Golden (D),140,Maine 2nd,249,Jared,Golden
7,Massachusetts,Congressional District 1,129713573,5018.0,730959.0,1944130429,3064933315,Edward Markey (D),Elizabeth Warren (D),241.99673988603308,Richie Neal,Democrat,Richie Neal (D),1370,Massachusetts 1st,12721,Richie,Neal
8,Massachusetts,Congressional District 3,76095039,5592.0,763936.0,1944130429,3064933315,Edward Markey (D),Elizabeth Warren (D),535.5672460784236,Lori Trahan,Democrat,Lori Trahan (D),2549,Massachusetts 3rd,12721,Lori,Trahan
9,Massachusetts,Congressional District 5,58468410,7283.0,766241.0,1944130429,3064933315,Edward Markey (D),Elizabeth Warren (D),269.3286527075913,Katherine Clark,Democrat,Katherine Clark (D),1251,Massachusetts 5th,12721,Katherine,Clark
10,Massachusetts,Congressional District 4,86329577,4030.0,754622.0,1944130429,3064933315,Edward Markey (D),Elizabeth Warren (D),287.4282278978645,Joe Kennedy,Democrat,Joe Kennedy (D),1511,Massachusetts 4th,12721,Joe,Kennedy
11,Massachusetts,Congressional District 7,97438634,9544.0,795850.0,1944130429,3064933315,Edward Markey (D),Elizabeth Warren (D),45.36634346591132,Ayanna Pressley,Democrat,Ayanna Pressley (D),229,Massachusetts 7th,12721,Ayanna,Pressley
12,Massachusetts,Congressional District 2,221866012,5049.0,747493.0,1944130429,3064933315,Edward Markey (D),Elizabeth Warren (D),385.9023281590537,Jim McGovern,Democrat,Jim McGovern (D),2050,Massachusetts 2nd,12721,Jim,McGovern
13,Massachusetts,Congressional District 9,5148464984,3087.0,738604.0,1944130429,3064933315,Edward Markey (D),Elizabeth Warren (D),147.55199068763514,Bill Keating,Democrat,Bill Keating (D),821,Massachusetts 9th,12721,Bill,Keating
14,Massachusetts,Congressional District 6,864189658,4596.0,767907.0,1944130429,3064933315,Edward Markey (D),Elizabeth Warren (D),508.7029369316605,Seth Moulton,Democrat,Seth Moulton (D),2464,Massachusetts 6th,12721,Seth,Moulton
15,Massachusetts,Congressional District 8,447359599,3712.0,764581.0,1944130429,3064933315,Edward Markey (D),Elizabeth Warren (D),86.0089561858206,Stephen Lynch,Democrat,Stephen Lynch (D),476,Massachusetts 8th,12721,Stephen,Lynch
16,New Hampshire,Congressional District 1,625111184,3875.0,677001.0,408575980,358428941,Maggie Hassan (D),Jeanne Shaheen (D),218.3872397299254,Chris Pappas,Democrat,Chris Pappas (D),972,New Hampshire 1st,2009,Chris,Pappas
17,New Hampshire,Congressional District 2,401564064,4811.0,666621.0,408575980,358428941,Maggie Hassan (D),Jeanne Shaheen (D),201.1244352700741,Annie Kuster,Democrat,Annie Kuster (D),1037,New Hampshire 2nd,2009,Annie,Kuster
18,Rhode Island,Congressional District 1,628693637,6402.0,532760.0,187998466,2932712465,Jack Reed (D),Sheldon Whitehouse (D),84.80987938010117,David Cicilline,Democrat,David Cicilline (D),438,Rhode Island 1st,1053,David,Cicilline
19,Rhode Island,Congressional District 2,694976850,4721.0,523851.0,187998466,2932712465,Jack Reed (D),Sheldon Whitehouse (D),113.61131661989836,Jim Langevin,Democrat,Jim Langevin (D),615,Rhode Island 2nd,1053,Jim,Langevin
20,Vermont,Congressional District (at Large),1030416650,3335.0,624977.0,46894202,63269944,Patrick Leahy (D),Bernie Sanders (I),45.419912,Peter Welch,Democrat,Peter Welch (D),270,Vermont Congressional District (at Large),270,Peter,Welch
21,New Jersey,Congressional District 1,51162830,13351.0,726200.0,2891217307,4783204142,Cory Booker (D),Bob Menendez (D),162.6667753097876,Donald Norcross,Democrat,Donald Norcross (D),816,New Jersey 1st,13914,Donald,Norcross
22,New Jersey,Congressional District 3,618205570,10252.0,735635.0,2891217307,4783204142,Cory Booker (D),Bob Menendez (D),197.96158067705156,Andy Kim,Democrat,Andy Kim (D),1068,New Jersey 3rd,13914,Andy,Kim
23,New Jersey,Congressional District 10,12474852,10808.0,749828.0,2891217307,4783204142,Cory Booker (D),Bob Menendez (D),158.01691703488632,Donald Payne,Democrat,Donald Payne (D),766,New Jersey 10th,13914,Donald,Payne
24,New Jersey,Congressional District 4,49701555,23894.0,739922.0,2891217307,4783204142,Cory Booker (D),Bob Menendez (D),105.8478109797917,Chris Smith,Republican,Chris Smith (R),519,New Jersey 4th,13914,Chris,Smith
25,New Jersey,Congressional District 5,83673745,7885.0,737642.0,2891217307,4783204142,Cory Booker (D),Bob Menendez (D),278.00847737070916,Josh Gottheimer,Democrat,Josh Gottheimer (D),1306,New Jersey 5th,13914,Josh,Gottheimer
26,New Jersey,Congressional District 7,47085986,9261.0,739893.0,2891217307,4783204142,Cory Booker (D),Bob Menendez (D),377.92820580607025,Tom Malinowski,Democrat,Tom Malinowski (D),1722,New Jersey 7th,13914,Tom,Malinowski
27,New Jersey,Congressional District 2,2034703850,33542.0,719651.0,2891217307,4783204142,Cory Booker (D),Bob Menendez (D),247.76331944212103,Jeff Van Drew,Republican,Jeff Van Drew (R),1238,New Jersey 2nd,13914,Jeff,Van Drew
28,New Jersey,Congressional District 9,19480622,40399.0,751755.0,2891217307,4783204142,Cory Booker (D),Bob Menendez (D),269.6323781600962,Bill Pascrell,Democrat,Bill Pascrell (D),1333,New Jersey 9th,13914,Bill,Pascrell
29,New Jersey,Congressional District 11,67984687,7443.0,735773.0,2891217307,4783204142,Cory Booker (D),Bob Menendez (D),329.3782576946592,Mikie Sherrill,Democrat,Mikie Sherrill (D),1570,New Jersey 11th,13914,Mikie,Sherrill
30,New Jersey,Congressional District 6,503799396,29688.0,736045.0,2891217307,4783204142,Cory Booker (D),Bob Menendez (D),332.30597500761206,Frank Pallone,Democrat,Frank Pallone (D),1433,New Jersey 6th,13914,Frank,Pallone
31,New Jersey,Congressional District 12,18504392,18479.0,748549.0,2891217307,4783204142,Cory Booker (D),Bob Menendez (D),355.2351283694303,Bonnie Watson Coleman,Democrat,Bonnie Watson Coleman (D),1536,New Jersey 12th,13914,Bonnie Watson,Coleman
32,New Jersey,Congressional District 8,38082761,25873.0,760952.0,2891217307,4783204142,Cory Booker (D),Bob Menendez (D),131.51033914777884,Albio Sires,Democrat,Albio Sires (D),607,New Jersey 8th,13914,Albio,Sires
33,New York,Congressional District 1,3359339217,7720.0,717383.0,3110245179,3632211584,Kirsten Gillibrand (D),Charles Schumer (D),91.97982760775254,Lee Zeldin,Republican,Lee Zeldin (R),511,New York 1st,18781,Lee,Zeldin
34,New York,Congressional District 7,2679582,53484.0,734208.0,3110245179,3632211584,Kirsten Gillibrand (D),Charles Schumer (D),26.14465177115697,Nydia Velázquez,Democrat,Nydia Velázquez (D),180,New York 7th,18781,Nydia,Velázquez
35,New York,Congressional District 27,3223422579,5218.0,715792.0,3110245179,3632211584,Kirsten Gillibrand (D),Charles Schumer (D),271.1343206262411,Chris Jacobs,Republican,Chris Jacobs (R),1441,New York 27th,18781,Chris,Jacobs
36,New York,Congressional District 17,149861991,19211.0,738481.0,3110245179,3632211584,Kirsten Gillibrand (D),Charles Schumer (D),76.57225556618485,Nita Lowey,Democrat,Nita Lowey (D),418,New York 17th,18781,Nita,Lowey
37,New York,Congressional District 14,39239213,61948.0,705681.0,3110245179,3632211584,Kirsten Gillibrand (D),Charles Schumer (D),15.249669030478442,Alexandria Ocasio-Cortez,Democrat,Alexandria Ocasio-Cortez (D),97,New York 14th,18781,Alexandria,Ocasio-Cortez
38,New York,Congressional District 6,711425,14441.0,732433.0,3110245179,3632211584,Kirsten Gillibrand (D),Charles Schumer (D),11.724346514477572,Grace Meng,Democrat,Grace Meng (D),78,New York 6th,18781,Grace,Meng
39,New York,Congressional District 5,184506173,8273.0,772342.0,3110245179,3632211584,Kirsten Gillibrand (D),Charles Schumer (D),13.004121754743661,Gregory Meeks,Democrat,Gregory Meeks (D),80,New York 5th,18781,Gregory,Meeks
40,New York,Congressional District 24,3271968550,4046.0,707425.0,3110245179,3632211584,Kirsten Gillibrand (D),Charles Schumer (D),297.7215549940109,John Katko,Republican,John Katko (R),1628,New York 24th,18781,John,Katko
41,New York,Congressional District 16,76413628,29378.0,741586.0,3110245179,3632211584,Kirsten Gillibrand (D),Charles Schumer (D),42.44514350179027,Eliot Engel,Democrat,Eliot Engel (D),264,New York 16th,18781,Eliot,Engel
42,New York,Congressional District 11,128599122,27413.0,730634.0,3110245179,3632211584,Kirsten Gillibrand (D),Charles Schumer (D),4.650041634024225,Max Rose,Democrat,Max Rose (D),32,New York 11th,18781,Max,Rose
43,New York,Congressional District 15,6263939,50573.0,744647.0,3110245179,3632211584,Kirsten Gillibrand (D),Charles Schumer (D),7.941840925212639,José Serrano,Democrat,José Serrano (D),52,New York 15th,18781,José,Serrano
44,New York,Congressional District 23,1602345774,5084.0,699965.0,3110245179,3632211584,Kirsten Gillibrand (D),Charles Schumer (D),415.7064220454658,Tom Reed,Republican,Tom Reed (R),2349,New York 23rd,18781,Tom,Reed
45,New York,Congressional District 8,48115635,14669.0,771343.0,3110245179,3632211584,Kirsten Gillibrand (D),Charles Schumer (D),9.258203165228293,Hakeem Jeffries,Democrat,Hakeem Jeffries (D),66,New York 8th,18781,Hakeem,Jeffries
46,New York,Congressional District 12,7282924,14951.0,719072.0,3110245179,3632211584,Kirsten Gillibrand (D),Charles Schumer (D),72.28844087992672,Carolyn Maloney,Democrat,Carolyn Maloney (D),477,New York 12th,18781,Carolyn,Maloney
47,New York,Congressional District 18,160314432,22667.0,721629.0,3110245179,3632211584,Kirsten Gillibrand (D),Charles Schumer (D),158.58652821238417,Sean Patrick Maloney,Democrat,Sean Patrick Maloney (D),813,New York 18th,18781,Sean Patrick,Maloney
48,New York,Congressional District 2,375364727,7819.0,715030.0,3110245179,3632211584,Kirsten Gillibrand (D),Charles Schumer (D),137.90813339357484,Pete King,Republican,Pete King (R),765,New York 2nd,18781,Pete,King
49,New York,Congressional District 20,81932864,5026.0,725925.0,3110245179,3632211584,Kirsten Gillibrand (D),Charles Schumer (D),606.3068284920425,Paul Tonko,Democrat,Paul Tonko (D),3134,New York 20th,18781,Paul,Tonko
50,New York,Congressional District 25,1831993802,3689.0,717362.0,3110245179,3632211584,Kirsten Gillibrand (D),Charles Schumer (D),229.9307327553218,Joe Morelle,Democrat,Joe Morelle (D),1222,New York 25th,18781,Joe,Morelle
51,New York,Congressional District 3,301922153,5008.0,727480.0,3110245179,3632211584,Kirsten Gillibrand (D),Charles Schumer (D),61.25712640977995,Tom Suozzi,Democrat,Tom Suozzi (D),342,New York 3rd,18781,Tom,Suozzi
52,New York,Congressional District 21,3341979801,5688.0,706791.0,3110245179,3632211584,Kirsten Gillibrand (D),Charles Schumer (D),151.07700878559476,Elise Stefanik,Republican,Elise Stefanik (R),887,New York 21st,18781,Elise,Stefanik
53,New York,Congressional District 10,23227075,22888.0,730760.0,3110245179,3632211584,Kirsten Gillibrand (D),Charles Schumer (D),25.959080740242314,Jerry Nadler,Democrat,Jerry Nadler (D),147,New York 10th,18781,Jerry,Nadler
54,New York,Congressional District 4,168713321,6231.0,722626.0,3110245179,3632211584,Kirsten Gillibrand (D),Charles Schumer (D),26.97704556064479,Kathleen Rice,Democrat,Kathleen Rice (D),154,New York 4th,18781,Kathleen,Rice
55,New York,Congressional District 13,7203018,48959.0,774528.0,3110245179,3632211584,Kirsten Gillibrand (D),Charles Schumer (D),1.3812253226959312,Adriano Espaillat,Democrat,Adriano Espaillat (D),10,New York 13th,18781,Adriano,Espaillat
56,New York,Congressional District 26,35592405,3453.0,711502.0,3110245179,3632211584,Kirsten Gillibrand (D),Charles Schumer (D),254.68393134790063,Brian Higgins,Democrat,Brian Higgins (D),1392,New York 26th,18781,Brian,Higgins
57,New York,Congressional District 22,386868974,3159.0,699564.0,3110245179,3632211584,Kirsten Gillibrand (D),Charles Schumer (D),321.36866596299296,Anthony Brindisi,Democrat,Anthony Brindisi (D),1649,New York 22nd,18781,Anthony,Brindisi
58,New York,Congressional District 9,499820,17021.0,733271.0,3110245179,3632211584,Kirsten Gillibrand (D),Charles Schumer (D),6.279626058970253,Yvette Clarke,Democrat,Yvette Clarke (D),46,New York 9th,18781,Yvette,Clarke
59,New York,Congressional District 19,430632551,9177.0,700993.0,3110245179,3632211584,Kirsten Gillibrand (D),Charles Schumer (D),95.57308494115343,Antonio Delgado,Democrat,Antonio Delgado (D),547,New York 19th,18781,Antonio,Delgado
60,Pennsylvania,Congressional District 1,45137458,8593.0,709207.0,4232143854,7098251987,Bob Casey (D),Patrick Toomey (R),278.6639777238087,Brian Fitzpatrick,Republican,Brian Fitzpatrick (R),1333,Pennsylvania 1st,22107,Brian,Fitzpatrick
61,Pennsylvania,Congressional District 18,19898044,5291.0,699856.0,4232143854,7098251987,Bob Casey (D),Patrick Toomey (R),171.2218128542351,Mike Doyle,Democrat,Mike Doyle (D),858,Pennsylvania 18th,22107,Mike,Doyle
62,Pennsylvania,Congressional District 7,30474030,9642.0,722048.0,4232143854,7098251987,Bob Casey (D),Patrick Toomey (R),364.47216373240656,Susan Wild,Democrat,Susan Wild (D),1829,Pennsylvania 7th,22107,Susan,Wild
63,Pennsylvania,Congressional District 2,8537703,8711.0,734861.0,4232143854,7098251987,Bob Casey (D),Patrick Toomey (R),26.654132821604776,Brendan Boyle,Democrat,Brendan Boyle (D),134,Pennsylvania 2nd,22107,Brendan,Boyle
64,Pennsylvania,Congressional District 17,41571090,3398.0,711725.0,4232143854,7098251987,Bob Casey (D),Patrick Toomey (R),295.4829133070992,Conor Lamb,Democrat,Conor Lamb (D),1387,Pennsylvania 17th,22107,Conor,Lamb
65,Pennsylvania,Congressional District 14,52399122,2795.0,691459.0,4232143854,7098251987,Bob Casey (D),Patrick Toomey (R),318.06440399744395,Guy Reschenthaler,Republican,Guy Reschenthaler (R),1633,Pennsylvania 14th,22107,Guy,Reschenthaler
66,Pennsylvania,Congressional District 6,27871337,32613.0,725593.0,4232143854,7098251987,Bob Casey (D),Patrick Toomey (R),339.0903720825355,Chrissy Houlahan,Democrat,Chrissy Houlahan (D),1706,Pennsylvania 6th,22107,Chrissy,Houlahan
67,Pennsylvania,Congressional District 3,4710201,6911.0,722979.0,4232143854,7098251987,Bob Casey (D),Patrick Toomey (R),34.55178380636152,Dwight Evans,Democrat,Dwight Evans (D),166,Pennsylvania 3rd,22107,Dwight,Evans
68,Pennsylvania,Congressional District 10,100518003,10338.0,727144.0,4232143854,7098251987,Bob Casey (D),Patrick Toomey (R),128.72656548006435,Scott Perry,Republican,Scott Perry (R),754,Pennsylvania 10th,22107,Scott,Perry
69,Pennsylvania,Congressional District 4,11540873,11587.0,724647.0,4232143854,7098251987,Bob Casey (D),Patrick Toomey (R),171.55736622504617,Madeleine Dean,Democrat,Madeleine Dean (D),772,Pennsylvania 4th,22107,Madeleine,Dean
70,Pennsylvania,Congressional District 5,26310378,6406.0,714120.0,4232143854,7098251987,Bob Casey (D),Patrick Toomey (R),185.91007580548435,Mary Gay Scanlon,Democrat,Mary Gay Scanlon (D),787,Pennsylvania 5th,22107,Mary Gay,Scanlon
71,Pennsylvania,Congressional District 16,2083865765,3827.0,692426.0,4232143854,7098251987,Bob Casey (D),Patrick Toomey (R),310.4848563982854,Mike Kelly,Republican,Mike Kelly (R),1855,Pennsylvania 16th,22107,Mike,Kelly
72,Pennsylvania,Congressional District 13,92403236,10421.0,698730.0,4232143854,7098251987,Bob Casey (D),Patrick Toomey (R),328.5139645547399,John Joyce,Republican,John Joyce (R),1834,Pennsylvania 13th,22107,John,Joyce
73,Pennsylvania,Congressional District 11,113349199,7594.0,728820.0,4232143854,7098251987,Bob Casey (D),Patrick Toomey (R),242.58925472266955,Lloyd Smucker,Republican,Lloyd Smucker (R),1437,Pennsylvania 11th,22107,Lloyd,Smucker
74,Pennsylvania,Congressional District 9,92317194,6377.0,705114.0,4232143854,7098251987,Bob Casey (D),Patrick Toomey (R),435.62442284508273,Dan Meuser,Republican,Dan Meuser (R),2256,Pennsylvania 9th,22107,Dan,Meuser
75,Pennsylvania,Congressional District 15,223499582,3191.0,685714.0,4232143854,7098251987,Bob Casey (D),Patrick Toomey (R),215.8147371687786,Glenn Thompson,Republican,Glenn Thompson (R),1278,Pennsylvania 15th,22107,Glenn,Thompson
76,Pennsylvania,Congressional District 12,242921113,4765.0,701191.0,4232143854,7098251987,Bob Casey (D),Patrick Toomey (R),219.29803399934735,Fred Keller,Republican,Fred Keller (R),1227,Pennsylvania 12th,22107,Fred,Keller
77,Pennsylvania,Congressional District 8,177265662,10077.0,695547.0,4232143854,7098251987,Bob Casey (D),Patrick Toomey (R),162.97405847499724,Matt Cartwright,Democrat,Matt Cartwright (D),861,Pennsylvania 8th,22107,Matt,Cartwright
78,Illinois,Congressional District 1,2067510,61989.0,708118.0,9315360723,12837641357,Tammy Duckworth (D),Richard Durbin (D),159.7090099635742,Bobby Rush,Democrat,Bobby Rush (D),924,Illinois 1st,61812,Bobby,Rush
79,Illinois,Congressional District 18,383133624,13050.0,707835.0,9315360723,12837641357,Tammy Duckworth (D),Richard Durbin (D),783.4689916616746,Darin LaHood,Republican,Darin LaHood (R),5075,Illinois 18th,61812,Darin,LaHood
80,Illinois,Congressional District 7,5341167,77837.0,724652.0,9315360723,12837641357,Tammy Duckworth (D),Richard Durbin (D),242.5758206954778,Danny Davis,Republican,Danny Davis (R),1444,Illinois 7th,61812,Danny,Davis
81,Illinois,Congressional District 2,25389182,86226.0,703782.0,9315360723,12837641357,Tammy Duckworth (D),Richard Durbin (D),328.405963904218,Robin Kelly,Democrat,Robin Kelly (D),1830,Illinois 2nd,61812,Robin,Kelly
82,Illinois,Congressional District 14,63294101,70427.0,735045.0,9315360723,12837641357,Tammy Duckworth (D),Richard Durbin (D),698.6102307151217,Lauren Underwood,Democrat,Lauren Underwood (D),3956,Illinois 14th,61812,Lauren,Underwood
83,Illinois,Congressional District 5,1850633,84146.0,740075.0,9315360723,12837641357,Tammy Duckworth (D),Richard Durbin (D),381.3133531725738,Mike Quigley,Democrat,Mike Quigley (D),2218,Illinois 5th,61812,Mike,Quigley
84,Illinois,Congressional District 16,183129836,56684.0,695502.0,9315360723,12837641357,Tammy Duckworth (D),Richard Durbin (D),1238.9447332699833,Adam Kinzinger,Republican,Adam Kinzinger (R),7860,Illinois 16th,61812,Adam,Kinzinger
85,Illinois,Congressional District 13,216308900,16010.0,704851.0,9315360723,12837641357,Tammy Duckworth (D),Richard Durbin (D),563.4185941598208,Rodney Davis,Republican,Rodney Davis (R),3817,Illinois 13th,61812,Rodney,Davis
86,Illinois,Congressional District 17,346793272,52540.0,688356.0,9315360723,12837641357,Tammy Duckworth (D),Richard Durbin (D),858.3948913745141,Cheri Bustos,Democrat,Cheri Bustos (D),5382,Illinois 17th,61812,Cheri,Bustos
87,Illinois,Congressional District 6,27754091,56651.0,727847.0,9315360723,12837641357,Tammy Duckworth (D),Richard Durbin (D),520.3606976024258,Sean Casten,Democrat,Sean Casten (D),2947,Illinois 6th,61812,Sean,Casten
88,Illinois,Congressional District 3,13496849,201255.0,717897.0,9315360723,12837641357,Tammy Duckworth (D),Richard Durbin (D),238.5270201241849,Dan Lipinski,Democrat,Dan Lipinski (D),1358,Illinois 3rd,61812,Dan,Lipinski
89,Illinois,Congressional District 10,31605644,133888.0,712819.0,9315360723,12837641357,Tammy Duckworth (D),Richard Durbin (D),683.9465430823537,Brad Schneider,Democrat,Brad Schneider (D),3379,Illinois 10th,61812,Brad,Schneider
90,Illinois,Congressional District 4,966145,379136.0,699621.0,9315360723,12837641357,Tammy Duckworth (D),Richard Durbin (D),241.72803429231095,Chuy Garcia,Democrat,Chuy Garcia (D),1439,Illinois 4th,61812,Chuy,Garcia
91,Illinois,Congressional District 11,16218367,170213.0,722593.0,9315360723,12837641357,Tammy Duckworth (D),Richard Durbin (D),491.5271209557038,Bill Foster,Democrat,Bill Foster (D),2536,Illinois 11th,61812,Bill,Foster
92,Illinois,Congressional District 9,1558240,53349.0,723507.0,9315360723,12837641357,Tammy Duckworth (D),Richard Durbin (D),215.78823028808534,Jan Schakowsky,Democrat,Jan Schakowsky (D),1262,Illinois 9th,61812,Jan,Schakowsky
93,Illinois,Congressional District 15,353131952,14576.0,696632.0,9315360723,12837641357,Tammy Duckworth (D),Richard Durbin (D),1253.3832147795108,John Shimkus,Republican,John Shimkus (R),8157,Illinois 15th,61812,John,Shimkus
94,Illinois,Congressional District 12,462200658,17687.0,697270.0,9315360723,12837641357,Tammy Duckworth (D),Richard Durbin (D),614.0264806030846,Mike Bost,Republican,Mike Bost (R),3464,Illinois 12th,61812,Mike,Bost
95,Illinois,Congressional District 8,10394846,170167.0,715095.0,9315360723,12837641357,Tammy Duckworth (D),Richard Durbin (D),834.1790913553621,Raja Krishnamoorthi,Democrat,Raja Krishnamoorthi (D),4764,Illinois 8th,61812,Raja,Krishnamoorthi
96,Indiana,Congressional District 2,131728583,54926.0,722805.0,5671913251,5205707176,Mike Braun (R),Todd Young (R),749.6286803947503,Jackie Walorski,Republican,Jackie Walorski (R),4587,Indiana 2nd,31992,Jackie,Walorski
97,Indiana,Congressional District 9,144580780,17263.0,747995.0,5671913251,5205707176,Mike Braun (R),Todd Young (R),460.1351363336332,Trey Hollingsworth,Republican,Trey Hollingsworth (R),2670,Indiana 9th,31992,Trey,Hollingsworth
98,Indiana,Congressional District 6,106706879,14501.0,718706.0,5671913251,5205707176,Mike Braun (R),Todd Young (R),1547.422692574496,Greg Pence,Republican,Greg Pence (R),8875,Indiana 6th,31992,Greg,Pence
99,Indiana,Congressional District 8,278478325,11860.0,719671.0,5671913251,5205707176,Mike Braun (R),Todd Young (R),536.180400668102,Larry Bucshon,Republican,Larry Bucshon (R),3121,Indiana 8th,31992,Larry,Bucshon
100,Indiana,Congressional District 1,625462306,84969.0,715348.0,5671913251,5205707176,Mike Braun (R),Todd Young (R),275.0835920957382,Pete Visclosky,Democrat,Pete Visclosky (D),1327,Indiana 1st,31992,Pete,Visclosky
101,Indiana,Congressional District 3,135299678,35601.0,739773.0,5671913251,5205707176,Mike Braun (R),Todd Young (R),768.2792687792983,Jim Banks,Republican,Jim Banks (R),4623,Indiana 3rd,31992,Jim,Banks
102,Indiana,Congressional District 5,40864910,21923.0,767053.0,5671913251,5205707176,Mike Braun (R),Todd Young (R),236.1709236269582,Susan Brooks,Republican,Susan Brooks (R),1327,Indiana 5th,31992,Susan,Brooks
103,Indiana,Congressional District 4,70295098,33408.0,750717.0,5671913251,5205707176,Mike Braun (R),Todd Young (R),802.1022045247983,Jim Baird,Republican,Jim Baird (R),4712,Indiana 4th,31992,Jim,Baird
104,Indiana,Congressional District 7,4586270,58768.0,755358.0,5671913251,5205707176,Mike Braun (R),Todd Young (R),169.03449600221634,André Carson,Democrat,André Carson (D),750,Indiana 7th,31992,André,Carson
105,Michigan,Congressional District 1,75782056342,9696.0,699432.0,11163559039,58227002161,Gary Peters (D),Debbie Stabenow (D),417.44324305727554,Jack Bergman,Republican,Jack Bergman (R),2560,Michigan 1st,73300,Jack,Bergman
106,Michigan,Congressional District 7,526028591,22883.0,705518.0,11163559039,58227002161,Gary Peters (D),Debbie Stabenow (D),844.338425211687,Tim Walberg,Republican,Tim Walberg (R),5000,Michigan 7th,73300,Tim,Walberg
107,Michigan,Congressional District 2,7325050525,55477.0,735626.0,11163559039,58227002161,Gary Peters (D),Debbie Stabenow (D),1690.3413238719272,Bill Huizenga,Republican,Bill Huizenga (R),10165,Michigan 2nd,73300,Bill,Huizenga
108,Michigan,Congressional District 6,4065852264,34346.0,716503.0,11163559039,58227002161,Gary Peters (D),Debbie Stabenow (D),1249.4030419875396,Fred Upton,Republican,Fred Upton (R),7460,Michigan 6th,73300,Fred,Upton
109,Michigan,Congressional District 14,97940449,24047.0,691955.0,11163559039,58227002161,Gary Peters (D),Debbie Stabenow (D),461.69646666614614,Brenda Lawrence,Democrat,Brenda Lawrence (D),2627,Michigan 14th,73300,Brenda,Lawrence
110,Michigan,Congressional District 3,176750939,35061.0,737911.0,11163559039,58227002161,Gary Peters (D),Debbie Stabenow (D),1391.7738412328958,Justin Amash,Libertarian,Justin Amash (L),8750,Michigan 3rd,73300,Justin,Amash
111,Michigan,Congressional District 10,5435442796,18086.0,717176.0,11163559039,58227002161,Gary Peters (D),Debbie Stabenow (D),898.616187080337,Paul Mitchell,Republican,Paul Mitchell (R),5656,Michigan 10th,73300,Paul,Mitchell
112,Michigan,Congressional District 5,4835570030,27684.0,679543.0,11163559039,58227002161,Gary Peters (D),Debbie Stabenow (D),503.88040331959,Dan Kildee,Democrat,Dan Kildee (D),3110,Michigan 5th,73300,Dan,Kildee
113,Michigan,Congressional District 4,520053991,17047.0,701141.0,11163559039,58227002161,Gary Peters (D),Debbie Stabenow (D),872.769353546399,John Moolenaar,Republican,John Moolenaar (R),4884,Michigan 4th,73300,John,Moolenaar
114,Michigan,Congressional District 13,5374636,38536.0,679044.0,11163559039,58227002161,Gary Peters (D),Debbie Stabenow (D),685.0244466237274,Rashida Tlaib,Democrat,Rashida Tlaib (D),3546,Michigan 13th,73300,Rashida,Tlaib
115,Michigan,Congressional District 11,55726229,15719.0,727670.0,11163559039,58227002161,Gary Peters (D),Debbie Stabenow (D),1309.769658564955,Haley Stevens,Democrat,Haley Stevens (D),7509,Michigan 11th,73300,Haley,Stevens
116,Michigan,Congressional District 9,13240065,10206.0,718682.0,11163559039,58227002161,Gary Peters (D),Debbie Stabenow (D),1100.588022652652,Andy Levin,Democrat,Andy Levin (D),6766,Michigan 9th,73300,Andy,Levin
117,Michigan,Congressional District 12,71968024,28307.0,711209.0,11163559039,58227002161,Gary Peters (D),Debbie Stabenow (D),411.5400652594137,Debbie Dingell,Democrat,Debbie Dingell (D),2389,Michigan 12th,73300,Debbie,Dingell
118,Michigan,Congressional District 8,99556198,26326.0,736078.0,11163559039,58227002161,Gary Peters (D),Debbie Stabenow (D),474.90818492543485,Elissa Slotkin,Democrat,Elissa Slotkin (D),2878,Michigan 8th,73300,Elissa,Slotkin
119,Ohio,Congressional District 1,26793491,8702.0,737765.0,6882555712,8867915474,Sherrod Brown (D),Rob Portman (R),286.3449954256261,Steve Chabot,Republican,Steve Chabot (R),1459,Ohio 1st,37065,Steve,Chabot
120,Ohio,Congressional District 7,64567382,6821.0,726547.0,6882555712,8867915474,Sherrod Brown (D),Rob Portman (R),586.121536133548,Bob Gibbs,Republican,Bob Gibbs (R),3495,Ohio 7th,37065,Bob,Gibbs
121,Ohio,Congressional District 2,77170483,7444.0,728702.0,6882555712,8867915474,Sherrod Brown (D),Rob Portman (R),298.2546102455744,Brad Wenstrup,Republican,Brad Wenstrup (R),1564,Ohio 2nd,37065,Brad,Wenstrup
122,Ohio,Congressional District 14,3730283485,10284.0,717865.0,6882555712,8867915474,Sherrod Brown (D),Rob Portman (R),571.5773454160798,David Joyce,Republican,David Joyce (R),3091,Ohio 14th,37065,David,Joyce
123,Ohio,Congressional District 6,202816758,4278.0,700099.0,6882555712,8867915474,Sherrod Brown (D),Rob Portman (R),227.51091426304407,Bill Johnson,Republican,Bill Johnson (R),1274,Ohio 6th,37065,Bill,Johnson
124,Ohio,Congressional District 3,11274048,28849.0,785158.0,6882555712,8867915474,Sherrod Brown (D),Rob Portman (R),71.7142432779162,Joyce Beatty,Democrat,Joyce Beatty (D),416,Ohio 3rd,37065,Joyce,Beatty
125,Ohio,Congressional District 10,15947647,11618.0,721945.0,6882555712,8867915474,Sherrod Brown (D),Rob Portman (R),261.97834633959724,Mike Turner,Republican,Mike Turner (R),1590,Ohio 10th,37065,Mike,Turner
126,Ohio,Congressional District 4,121559316,15769.0,711251.0,6882555712,8867915474,Sherrod Brown (D),Rob Portman (R),1020.7362224510356,Jim Jordan,Republican,Jim Jordan (R),5755,Ohio 4th,37065,Jim,Jordan
127,Ohio,Congressional District 5,73249833,27991.0,722734.0,6882555712,8867915474,Sherrod Brown (D),Rob Portman (R),700.9145701207295,Bob Latta,Republican,Bob Latta (R),4206,Ohio 5th,37065,Bob,Latta
128,Ohio,Congressional District 16,31141190,6307.0,722281.0,6882555712,8867915474,Sherrod Brown (D),Rob Portman (R),338.05429745310784,Anthony Gonzalez,Republican,Anthony Gonzalez (R),2003,Ohio 16th,37065,Anthony,Gonzalez
129,Ohio,Congressional District 13,70792303,6605.0,710422.0,6882555712,8867915474,Sherrod Brown (D),Rob Portman (R),372.72116461483654,Tim Ryan,Democrat,Tim Ryan (D),2090,Ohio 13th,37065,Tim,Ryan
130,Ohio,Congressional District 15,99789977,8530.0,754510.0,6882555712,8867915474,Sherrod Brown (D),Rob Portman (R),247.4203242128218,Steve Stivers,Republican,Steve Stivers (R),1417,Ohio 15th,37065,Steve,Stivers
131,Ohio,Congressional District 11,1310812208,6102.0,693817.0,6882555712,8867915474,Sherrod Brown (D),Rob Portman (R),392.5741321878883,Marcia Fudge,Democrat,Marcia Fudge (D),2085,Ohio 11th,37065,Marcia,Fudge
132,Ohio,Congressional District 9,4313138940,27523.0,709760.0,6882555712,8867915474,Sherrod Brown (D),Rob Portman (R),454.4458742820611,Marcy Kaptur,Democrat,Marcy Kaptur (D),2375,Ohio 9th,37065,Marcy,Kaptur
133,Ohio,Congressional District 8,42726671,14405.0,728116.0,6882555712,8867915474,Sherrod Brown (D),Rob Portman (R),540.7171649987897,Warren Davidson,Republican,Warren Davidson (R),3024,Ohio 8th,37065,Warren,Davidson
134,Ohio,Congressional District 12,76786970,8832.0,770907.0,6882555712,8867915474,Sherrod Brown (D),Rob Portman (R),214.94426357733474,Troy Balderson,Republican,Troy Balderson (R),1221,Ohio 12th,37065,Troy,Balderson
135,Wisconsin,Congressional District 1,2523692436,53621.0,717432.0,3282375756,2846045994,Tammy Baldwin (D),Ron Johnson (R),552.0907385945851,Bryan Steil,Republican,Bryan Steil (R),2839,Wisconsin 1st,19253,Bryan,Steil
136,Wisconsin,Congressional District 3,815152730,13499.0,719855.0,3282375756,2846045994,Tammy Baldwin (D),Ron Johnson (R),273.99490940746887,Ron Kind,Democrat,Ron Kind (D),1522,Wisconsin 3rd,19253,Ron,Kind
137,Wisconsin,Congressional District 4,2454549243,83572.0,713066.0,3282375756,2846045994,Tammy Baldwin (D),Ron Johnson (R),292.71315581620587,Gwen Moore,Democrat,Gwen Moore (D),1573,Wisconsin 4th,19253,Gwen,Moore
138,Wisconsin,Congressional District 5,165505624,28707.0,723040.0,3282375756,2846045994,Tammy Baldwin (D),Ron Johnson (R),540.8837497920849,Jim Sensenbrenner,Republican,Jim Sensenbrenner (R),3021,Wisconsin 5th,19253,Jim,Sensenbrenner
139,Wisconsin,Congressional District 7,7700520546,11466.0,708307.0,3282375756,2846045994,Tammy Baldwin (D),Ron Johnson (R),365.5893158412878,Tom Tiffany,Republican,Tom Tiffany (R),2184,Wisconsin 7th,19253,Tom,Tiffany
140,Wisconsin,Congressional District 2,189001494,33411.0,754999.0,3282375756,2846045994,Tammy Baldwin (D),Ron Johnson (R),295.5651477840127,Mark Pocan,Democrat,Mark Pocan (D),1205,Wisconsin 2nd,19253,Mark,Pocan
141,Wisconsin,Congressional District 6,7315844396,25470.0,713439.0,3282375756,2846045994,Tammy Baldwin (D),Ron Johnson (R),720.0206210480347,Glenn Grothman,Republican,Glenn Grothman (R),4185,Wisconsin 6th,19253,Glenn,Grothman
142,Wisconsin,Congressional District 8,8180685289,29043.0,728256.0,3282375756,2846045994,Tammy Baldwin (D),Ron Johnson (R),460.1551047163134,Mike Gallagher,Republican,Mike Gallagher (R),2724,Wisconsin 8th,19253,Mike,Gallagher
143,Iowa,Congressional District 1,228600914,24865.0,772171.0,2074569741,1961430806,Joni Ernst (R),Charles Grassley (R),690.1680624749322,Abby Finkenauer,Democrat,Abby Finkenauer (D),5175,Iowa 1st,17269,Abby,Finkenauer
144,Iowa,Congressional District 4,264712627,40777.0,757452.0,2074569741,1961430806,Joni Ernst (R),Charles Grassley (R),743.8144710164997,Steve King,Republican,Steve King (R),6279,Iowa 4th,17269,Steve,King
145,Iowa,Congressional District 2,434115836,33535.0,780050.0,2074569741,1961430806,Joni Ernst (R),Charles Grassley (R),531.9846960330374,Dave Loebsack,Democrat,Dave Loebsack (D),3831,Iowa 2nd,17269,Dave,Loebsack
146,Iowa,Congressional District 3,156751435,44191.0,822826.0,2074569741,1961430806,Joni Ernst (R),Charles Grassley (R),248.74925747552814,Cindy Axne,Democrat,Cindy Axne (D),1984,Iowa 3rd,17269,Cindy,Axne
147,Kansas,Congressional District 1,594345222,93458.0,708511.0,2189731493,806176742,Jerry Moran (R),Pat Roberts (R),1037.1547274287266,Roger Marshall,Republican,Roger Marshall (R),9262,Kansas 1st,16751,Roger,Marshall
148,Kansas,Congressional District 3,32787799,72931.0,762091.0,2189731493,806176742,Jerry Moran (R),Pat Roberts (R),184.32637531515286,Sharice Davids,Democrat,Sharice Davids (D),969,Kansas 3rd,16751,Sharice,Davids
149,Kansas,Congressional District 4,189253640,74705.0,723182.0,2189731493,806176742,Jerry Moran (R),Pat Roberts (R),567.5913918300012,Ron Estes,Republican,Ron Estes (R),3399,Kansas 4th,16751,Ron,Estes
150,Kansas,Congressional District 2,527754544,37119.0,714992.0,2189731493,806176742,Jerry Moran (R),Pat Roberts (R),386.2684154261162,Steve Watkins,Republican,Steve Watkins (R),3121,Kansas 2nd,16751,Steve,Watkins
151,Minnesota,Congressional District 7,5058381039,24104.0,664941.0,2428294131,2363800773,Amy Klobuchar (D),Tina Smith (D),540.2434249549217,Collin Peterson,Democrat,Collin Peterson (D),3968,Minnesota 7th,16000,Collin,Peterson
152,Minnesota,Congressional District 2,243358361,29257.0,698522.0,2428294131,2363800773,Amy Klobuchar (D),Tina Smith (D),207.09756068099344,Angie Craig,Democrat,Angie Craig (D),1249,Minnesota 2nd,16000,Angie,Craig
153,Minnesota,Congressional District 6,408723230,13103.0,702583.0,2428294131,2363800773,Amy Klobuchar (D),Tina Smith (D),295.67046710144035,Tom Emmer,Republican,Tom Emmer (R),1856,Minnesota 6th,16000,Tom,Emmer
154,Minnesota,Congressional District 8,12448503736,7865.0,664674.0,2428294131,2363800773,Amy Klobuchar (D),Tina Smith (D),167.2056155700519,Pete Stauber,Republican,Pete Stauber (R),1029,Minnesota 8th,16000,Pete,Stauber
155,Minnesota,Congressional District 1,540782812,31870.0,672649.0,2428294131,2363800773,Amy Klobuchar (D),Tina Smith (D),692.4644502427846,Jim Hagedorn,Republican,Jim Hagedorn (R),4526,Minnesota 1st,16000,Jim,Hagedorn
156,Minnesota,Congressional District 3,144398952,20814.0,710378.0,2428294131,2363800773,Amy Klobuchar (D),Tina Smith (D),247.72981329204708,Dean Phillips,Democrat,Dean Phillips (D),1395,Minnesota 3rd,16000,Dean,Phillips
157,Minnesota,Congressional District 4,84495478,32375.0,706259.0,2428294131,2363800773,Amy Klobuchar (D),Tina Smith (D),201.05151140124508,Betty McCollum,Democrat,Betty McCollum (D),1021,Minnesota 4th,16000,Betty,McCollum
158,Minnesota,Congressional District 5,16573581,42192.0,707352.0,2428294131,2363800773,Amy Klobuchar (D),Tina Smith (D),165.3174107565118,Ilhan Omar,Democrat,Ilhan Omar (D),956,Minnesota 5th,16000,Ilhan,Omar
159,Missouri,Congressional District 1,28225242,15863.0,732537.0,2303979678,3415939848,Roy Blunt (R),Josh Hawley (R),290.15875628572644,Lacy Clay,Democrat,Lacy Clay (D),1505,Missouri 1st,17537,Lacy,Clay
160,Missouri,Congressional District 3,368043248,12857.0,782693.0,2303979678,3415939848,Roy Blunt (R),Josh Hawley (R),313.64484464742105,Blaine Luetkemeyer,Republican,Blaine Luetkemeyer (R),2015,Missouri 3rd,17537,Blaine,Luetkemeyer
161,Missouri,Congressional District 5,89873789,51266.0,764511.0,2303979678,3415939848,Roy Blunt (R),Josh Hawley (R),270.3053662399908,Emanuel Cleaver,Democrat,Emanuel Cleaver (D),1684,Missouri 5th,17537,Emanuel,Cleaver
162,Missouri,Congressional District 4,744247785,20526.0,765070.0,2303979678,3415939848,Roy Blunt (R),Josh Hawley (R),398.17407809024365,Vicky Hartzler,Republican,Vicky Hartzler (R),2743,Missouri 4th,17537,Vicky,Hartzler
163,Missouri,Congressional District 7,248542030,26658.0,773182.0,2303979678,3415939848,Roy Blunt (R),Josh Hawley (R),341.7653550150338,Billy Long,Republican,Billy Long (R),2093,Missouri 7th,17537,Billy,Long
164,Missouri,Congressional District 2,37571451,11944.0,763266.0,2303979678,3415939848,Roy Blunt (R),Josh Hawley (R),120.38903305035107,Ann Wagner,Republican,Ann Wagner (R),667,Missouri 2nd,17537,Ann,Wagner
165,Missouri,Congressional District 6,528128323,21778.0,768533.0,2303979678,3415939848,Roy Blunt (R),Josh Hawley (R),604.7829204058595,Sam Graves,Republican,Sam Graves (R),4429,Missouri 6th,17537,Sam,Graves
166,Missouri,Congressional District 8,444793592,11163.0,740270.0,2303979678,3415939848,Roy Blunt (R),Josh Hawley (R),366.6681012653696,Jason Smith,Republican,Jason Smith (R),2401,Missouri 8th,17537,Jason,Smith
167,Nebraska,Congressional District 1,249898247,39937.0,641533.0,1733851230,395298066,Deb Fischer (R),Ben Sasse (R),564.4948080693683,Jeff Fortenberry,Republican,Jeff Fortenberry (R),4727,Nebraska 1st,16828,Jeff,Fortenberry
168,Nebraska,Congressional District 3,1071218403,53200.0,603432.0,1733851230,395298066,Deb Fischer (R),Ben Sasse (R),1133.3834487845345,Adrian Smith,Republican,Adrian Smith (R),10516,Nebraska 3rd,16828,Adrian,Smith
169,Nebraska,Congressional District 2,50712484,57287.0,659795.0,1733851230,395298066,Deb Fischer (R),Ben Sasse (R),248.25032714609443,Don Bacon,Republican,Don Bacon (R),1585,Nebraska 2nd,16828,Don,Bacon
170,North Dakota,Congressional District (at Large),4403267548,17915.0,752201.0,228410431,162430130,Kevin Cramer (R),John Hoeven (R),310.402879,Kelly Armstrong,Republican,Kelly Armstrong (R),2592,North Dakota Congressional District (at Large),2592,Kelly,Armstrong
171,South Dakota,Congressional District (at Large),3382720225,21229.0,864289.0,312059517,57853596,Mike Rounds (R),John Thune (R),437.398926,Dusty Johnson,Republican,Dusty Johnson (R),3581,South Dakota Congressional District (at Large),3581,Dusty,Johnson
172,Delaware,Congressional District (at Large),1399985648,34244.0,949495.0,163810717,332078116,Thomas Carper (D),Chris Coons (D),160.0833,Lisa Blunt Rochester,Democrat,Lisa Blunt Rochester (D),794,Delaware Congressional District (at Large),794,Lisa,Blunt Rochester
173,District of Columbia,Delegate District (at Large),18687198,14156.0,684498.0,10223405,4376923,,,20.099654,Eleanor Holmes Norton,Democrat,Eleanor Holmes Norton (D),100,District of Columbia Delegate District (at Large),100,Eleanor,Holmes Norton
174,Florida,Congressional District 13,640204070,18632.0,723658.0,3326646675,6926297696,Marco Rubio (R),Rick Scott (R),258.61299286984587,Charlie Crist,Democrat,Charlie Crist (D),1401,Florida 13th,17828,Charlie,Crist
175,Florida,Congressional District 26,7734843990,36043.0,774375.0,3326646675,6926297696,Marco Rubio (R),Rick Scott (R),30.22327008097395,Debbie Mucarsel-Powell,Democrat,Debbie Mucarsel-Powell (D),178,Florida 26th,17828,Debbie,Mucarsel-Powell
176,Florida,Congressional District 22,254083069,15146.0,750149.0,3326646675,6926297696,Marco Rubio (R),Rick Scott (R),127.31089728108167,Ted Deutch,Democrat,Ted Deutch (D),695,Florida 22nd,17828,Ted,Deutch
177,Florida,Congressional District 9,798928316,41142.0,837026.0,3326646675,6926297696,Marco Rubio (R),Rick Scott (R),124.92574060438174,Darren Soto,Democrat,Darren Soto (D),665,Florida 9th,17828,Darren,Soto
178,Florida,Congressional District 19,1603487946,51008.0,797066.0,3326646675,6926297696,Marco Rubio (R),Rick Scott (R),35.65117615593854,Francis Rooney,Republican,Francis Rooney (R),213,Florida 19th,17828,Francis,Rooney
179,Florida,Congressional District 1,1919384110,20044.0,759701.0,3326646675,6926297696,Marco Rubio (R),Rick Scott (R),219.13013637597308,Matt Gaetz,Republican,Matt Gaetz (R),1101,Florida 1st,17828,Matt,Gaetz
180,Florida,Congressional District 7,110917454,13507.0,757809.0,3326646675,6926297696,Marco Rubio (R),Rick Scott (R),133.9978154199884,Stephanie Murphy,Democrat,Stephanie Murphy (D),764,Florida 7th,17828,Stephanie,Murphy
181,Florida,Congressional District 27,597416563,14046.0,751996.0,3326646675,6926297696,Marco Rubio (R),Rick Scott (R),55.9110990577359,Donna Shalala,Democrat,Donna Shalala (D),333,Florida 27th,17828,Donna,Shalala
182,Florida,Congressional District 17,1918872575,58202.0,756549.0,3326646675,6926297696,Marco Rubio (R),Rick Scott (R),78.45967165281377,Greg Steube,Republican,Greg Steube (R),400,Florida 17th,17828,Greg,Steube
183,Florida,Congressional District 6,1318862943,19763.0,753500.0,3326646675,6926297696,Marco Rubio (R),Rick Scott (R),160.99977103468666,Michael Waltz,Republican,Michael Waltz (R),939,Florida 6th,17828,Michael,Waltz
184,Florida,Congressional District 14,233953834,22671.0,763832.0,3326646675,6926297696,Marco Rubio (R),Rick Scott (R),93.75187825864055,Kathy Castor,Democrat,Kathy Castor (D),539,Florida 14th,17828,Kathy,Castor
185,Florida,Congressional District 5,239830493,13825.0,729038.0,3326646675,6926297696,Marco Rubio (R),Rick Scott (R),154.00879075119377,Al Lawson,Democrat,Al Lawson (D),839,Florida 5th,17828,Al,Lawson
186,Florida,Congressional District 24,33054938,8554.0,750906.0,3326646675,6926297696,Marco Rubio (R),Rick Scott (R),99.16273842458513,Frederica Wilson,Democrat,Frederica Wilson (D),556,Florida 24th,17828,Frederica,Wilson
187,Florida,Congressional District 16,954285435,61020.0,804662.0,3326646675,6926297696,Marco Rubio (R),Rick Scott (R),109.35987468360106,Vern Buchanan,Republican,Vern Buchanan (R),656,Florida 16th,17828,Vern,Buchanan
188,Florida,Congressional District 11,1243668220,15950.0,754649.0,3326646675,6926297696,Marco Rubio (R),Rick Scott (R),55.11195150168619,Daniel Webster,Republican,Daniel Webster (R),329,Florida 11th,17828,Daniel,Webster
189,Florida,Congressional District 15,214478863,45184.0,777638.0,3326646675,6926297696,Marco Rubio (R),Rick Scott (R),128.8500671221934,Ross Spano,Republican,Ross Spano (R),615,Florida 15th,17828,Ross,Spano
190,Florida,Congressional District 23,184761814,10798.0,756127.0,3326646675,6926297696,Marco Rubio (R),Rick Scott (R),56.17520944972659,Debbie Wasserman Schultz,Democrat,Debbie Wasserman Schultz (D),306,Florida 23rd,17828,Debbie,Wasserman Schultz
191,Florida,Congressional District 8,1710622089,17417.0,742230.0,3326646675,6926297696,Marco Rubio (R),Rick Scott (R),289.9705012425612,Bill Posey,Republican,Bill Posey (R),1423,Florida 8th,17828,Bill,Posey
192,Florida,Congressional District 12,545757465,17275.0,757719.0,3326646675,6926297696,Marco Rubio (R),Rick Scott (R),90.96207479669117,Gus Bilirakis,Republican,Gus Bilirakis (R),513,Florida 12th,17828,Gus,Bilirakis
193,Florida,Congressional District 18,979668133,30184.0,757228.0,3326646675,6926297696,Marco Rubio (R),Rick Scott (R),88.14461194482286,Brian Mast,Republican,Brian Mast (R),519,Florida 18th,17828,Brian,Mast
194,Florida,Congressional District 2,4835768335,16105.0,719213.0,3326646675,6926297696,Marco Rubio (R),Rick Scott (R),184.63414344057784,Neal Dunn,Republican,Neal Dunn (R),1154,Florida 2nd,17828,Neal,Dunn
195,Florida,Congressional District 20,639142009,27376.0,778060.0,3326646675,6926297696,Marco Rubio (R),Rick Scott (R),87.85455795511766,Alcee Hastings,Democrat,Alcee Hastings (D),460,Florida 20th,17828,Alcee,Hastings
196,Florida,Congressional District 25,452925118,48121.0,763720.0,3326646675,6926297696,Marco Rubio (R),Rick Scott (R),161.5601726546025,Mario Diaz-Balart,Republican,Mario Diaz-Balart (R),915,Florida 25th,17828,Mario,Diaz-Balart
197,Florida,Congressional District 21,250336902,29812.0,762765.0,3326646675,6926297696,Marco Rubio (R),Rick Scott (R),44.58459880763289,Lois Frankel,Democrat,Lois Frankel (D),248,Florida 21st,17828,Lois,Frankel
198,Florida,Congressional District 3,722972427,15777.0,728979.0,3326646675,6926297696,Marco Rubio (R),Rick Scott (R),92.60554128623407,Ted Yoho,Republican,Ted Yoho (R),530,Florida 3rd,17828,Ted,Yoho
199,Florida,Congressional District 10,206005788,32591.0,808969.0,3326646675,6926297696,Marco Rubio (R),Rick Scott (R),131.94735249658825,Val Demings,Democrat,Val Demings (D),680,Florida 10th,17828,Val,Demings
200,Florida,Congressional District 4,1016868324,13325.0,780575.0,3326646675,6926297696,Marco Rubio (R),Rick Scott (R),160.8570346501196,John Rutherford,Republican,John Rutherford (R),857,Florida 4th,17828,John,Rutherford
201,Georgia,Congressional District 3,215086398,18402.0,728046.0,3519429234,7783987631,Kelly Loeffler (R),David Perdue (R),707.0614376822247,Drew Ferguson,Republican,Drew Ferguson (R),3810,Georgia 3rd,22036,Drew,Ferguson
202,Georgia,Congressional District 10,459100029,22224.0,740458.0,3519429234,7783987631,Kelly Loeffler (R),David Perdue (R),181.31583635249868,Jody Hice,Republican,Jody Hice (R),1134,Georgia 10th,22036,Jody,Hice
203,Georgia,Congressional District 4,21757037,40204.0,748744.0,3519429234,7783987631,Kelly Loeffler (R),David Perdue (R),160.9129881960782,Hank Johnson,Democrat,Hank Johnson (D),879,Georgia 4th,22036,Hank,Johnson
204,Georgia,Congressional District 5,5016095,29860.0,759756.0,3519429234,7783987631,Kelly Loeffler (R),David Perdue (R),51.99340581652942,John Lewis,Democrat,John Lewis (D),290,Georgia 5th,22036,John,Lewis
205,Georgia,Congressional District 13,25795622,51811.0,749389.0,3519429234,7783987631,Kelly Loeffler (R),David Perdue (R),103.72991116224019,David Scott,Democrat,David Scott (D),584,Georgia 13th,22036,David,Scott
206,Georgia,Congressional District 9,410740104,68711.0,735832.0,3519429234,7783987631,Kelly Loeffler (R),David Perdue (R),460.6471958530286,Doug Collins,Republican,Doug Collins (R),2823,Georgia 9th,22036,Doug,Collins
207,Georgia,Congressional District 7,25241077,73871.0,793740.0,3519429234,7783987631,Kelly Loeffler (R),David Perdue (R),319.8298846923188,Rob Woodall,Republican,Rob Woodall (R),1631,Georgia 7th,22036,Rob,Woodall
208,Georgia,Congressional District 2,438955826,21392.0,675246.0,3519429234,7783987631,Kelly Loeffler (R),David Perdue (R),336.1234942262427,Sanford Bishop,Democrat,Sanford Bishop (D),1947,Georgia 2nd,22036,Sanford,Bishop
209,Georgia,Congressional District 6,13986249,54415.0,744905.0,3519429234,7783987631,Kelly Loeffler (R),David Perdue (R),82.14776840266035,Lucy McBath,Democrat,Lucy McBath (D),469,Georgia 6th,22036,Lucy,McBath
210,Georgia,Congressional District 14,51880746,56643.0,709918.0,3519429234,7783987631,Kelly Loeffler (R),David Perdue (R),419.6881248187038,Tom Graves,Republican,Tom Graves (R),2520,Georgia 14th,22036,Tom,Graves
211,Georgia,Congressional District 1,2075874473,24101.0,731698.0,3519429234,7783987631,Kelly Loeffler (R),David Perdue (R),355.884996993283,Buddy Carter,Republican,Buddy Carter (R),1764,Georgia 1st,22036,Buddy,Carter
212,Georgia,Congressional District 11,70586962,44244.0,756192.0,3519429234,7783987631,Kelly Loeffler (R),David Perdue (R),202.96667592643234,Barry Loudermilk,Republican,Barry Loudermilk (R),1154,Georgia 11th,22036,Barry,Loudermilk
213,Georgia,Congressional District 12,310156061,26215.0,718746.0,3519429234,7783987631,Kelly Loeffler (R),David Perdue (R),276.6152110505749,Rick Allen,Republican,Rick Allen (R),1606,Georgia 12th,22036,Rick,Allen
214,Georgia,Congressional District 8,298759475,29617.0,704814.0,3519429234,7783987631,Kelly Loeffler (R),David Perdue (R),235.042836827177,Austin Scott,Democrat,Austin Scott (D),1425,Georgia 8th,22036,Austin,Scott
215,Maryland,Congressional District 1,4035802868,8783.0,730442.0,404360008,2916445768,Benjamin Cardin (D),Chris Van Hollen (D),110.65220883870897,Andy Harris,Republican,Andy Harris (R),665,Maryland 1st,2324,Andy,Harris
216,Maryland,Congressional District 3,252344417,15466.0,756296.0,404360008,2916445768,Benjamin Cardin (D),Chris Van Hollen (D),54.066434803321,John Sarbanes,Democrat,John Sarbanes (D),277,Maryland 3rd,2324,John,Sarbanes
217,Maryland,Congressional District 4,48178407,16796.0,749033.0,404360008,2916445768,Benjamin Cardin (D),Chris Van Hollen (D),34.57865511140825,Anthony Brown,Democrat,Anthony Brown (D),197,Maryland 4th,2324,Anthony,Brown
218,Maryland,Congressional District 5,2066469028,14070.0,760819.0,404360008,2916445768,Benjamin Cardin (D),Chris Van Hollen (D),37.061363865537814,Steny Hoyer,Democrat,Steny Hoyer (D),150,Maryland 5th,2324,Steny,Hoyer
219,Maryland,Congressional District 7,14715020,5922.0,719951.0,404360008,2916445768,Benjamin Cardin (D),Chris Van Hollen (D),37.54484895581512,Kweisi Mfume,Democrat,Kweisi Mfume (D),201,Maryland 7th,2324,Kweisi,Mfume
220,Maryland,Congressional District 2,440369386,13837.0,762351.0,404360008,2916445768,Benjamin Cardin (D),Chris Van Hollen (D),70.63633165917526,Dutch Ruppersberger,Democrat,Dutch Ruppersberger (D),373,Maryland 2nd,2324,Dutch,Ruppersberger
221,Maryland,Congressional District 6,98039271,11174.0,765910.0,404360008,2916445768,Benjamin Cardin (D),Chris Van Hollen (D),63.173549784135346,David Trone,Democrat,David Trone (D),342,Maryland 6th,2324,David,Trone
222,Maryland,Congressional District 8,24048561,11183.0,758633.0,404360008,2916445768,Benjamin Cardin (D),Chris Van Hollen (D),23.228927981897403,Jamie Raskin,Democrat,Jamie Raskin (D),119,Maryland 8th,2324,Jamie,Raskin
223,North Carolina,Congressional District 1,526676361,38967.0,753591.0,3783221590,7819332094,Richard Burr (R),Thom Tillis (R),336.0182674977558,G.K. Butterfield,Democrat,G.K. Butterfield (D),1911,North Carolina 1st,21963,G.K.,Butterfield
224,North Carolina,Congressional District 7,1127451539,44688.0,787034.0,3783221590,7819332094,Richard Burr (R),Thom Tillis (R),261.91605878921973,David Rouzer,Republican,David Rouzer (R),1483,North Carolina 7th,21963,David,Rouzer
225,North Carolina,Congressional District 2,95720327,47542.0,822252.0,3783221590,7819332094,Richard Burr (R),Thom Tillis (R),267.5706756598981,George Holding,Republican,George Holding (R),1568,North Carolina 2nd,21963,George,Holding
226,North Carolina,Congressional District 6,209232379,54031.0,762671.0,3783221590,7819332094,Richard Burr (R),Thom Tillis (R),307.8944890670567,Mark Walker,Republican,Mark Walker (R),1814,North Carolina 6th,21963,Mark,Walker
227,North Carolina,Congressional District 3,10738328614,34788.0,754824.0,3783221590,7819332094,Richard Burr (R),Thom Tillis (R),135.83382498861081,Greg Murphy,Republican,Greg Murphy (R),683,North Carolina 3rd,21963,Greg,Murphy
228,North Carolina,Congressional District 10,107723252,27434.0,753325.0,3783221590,7819332094,Richard Burr (R),Thom Tillis (R),502.79941664857404,Patrick McHenry,Republican,Patrick McHenry (R),3001,North Carolina 10th,21963,Patrick,McHenry
229,North Carolina,Congressional District 4,18220198,45443.0,840168.0,3783221590,7819332094,Richard Burr (R),Thom Tillis (R),204.62559047958382,David Price,Democrat,David Price (D),1090,North Carolina 4th,21963,David,Price
230,North Carolina,Congressional District 5,80959022,48148.0,752439.0,3783221590,7819332094,Richard Burr (R),Thom Tillis (R),292.66225391860524,Virginia Foxx,Republican,Virginia Foxx (R),1861,North Carolina 5th,21963,Virginia,Foxx
231,North Carolina,Congressional District 13,105491253,39480.0,771529.0,3783221590,7819332094,Richard Burr (R),Thom Tillis (R),115.66344006408491,Ted Budd,Republican,Ted Budd (R),647,North Carolina 13th,21963,Ted,Budd
232,North Carolina,Congressional District 11,190956833,30271.0,752316.0,3783221590,7819332094,Richard Burr (R),Thom Tillis (R),356.73669928070353,Mark Meadows (resigned),Republican,Mark Meadows (resigned) (R),2146,North Carolina 11th,21963,Mark,Meadows (resigned)
233,North Carolina,Congressional District 9,85881092,35814.0,779186.0,3783221590,7819332094,Richard Burr (R),Thom Tillis (R),212.20393910783898,Dan Bishop,Republican,Dan Bishop (R),1254,North Carolina 9th,21963,Dan,Bishop
234,North Carolina,Congressional District 8,123254406,42047.0,779035.0,3783221590,7819332094,Richard Burr (R),Thom Tillis (R),367.61143851309566,Richard Hudson,Republican,Richard Hudson (R),2222,North Carolina 8th,21963,Richard,Hudson
235,North Carolina,Congressional District 12,56176119,49852.0,847254.0,3783221590,7819332094,Richard Burr (R),Thom Tillis (R),426.29517598496636,Alma Adams,Democrat,Alma Adams (D),2283,North Carolina 12th,21963,Alma,Adams
236,South Carolina,Congressional District 1,2196569453,24518.0,766664.0,2198413112,4763893117,Lindsey Graham (R),Tim Scott (R),102.7921522765728,Joe Cunningham,Democrat,Joe Cunningham (D),579,South Carolina 1st,15494,Joe,Cunningham
237,South Carolina,Congressional District 3,518916989,20032.0,684952.0,2198413112,4763893117,Lindsey Graham (R),Tim Scott (R),587.8853400222594,Jeff Duncan,Republican,Jeff Duncan (R),3500,South Carolina 3rd,15494,Jeff,Duncan
238,South Carolina,Congressional District 4,44729109,31531.0,718032.0,2198413112,4763893117,Lindsey Graham (R),Tim Scott (R),816.5583811896714,William Timmons,Republican,William Timmons (R),4526,South Carolina 4th,15494,William,Timmons
239,South Carolina,Congressional District 5,265732852,16214.0,706085.0,2198413112,4763893117,Lindsey Graham (R),Tim Scott (R),412.3150502207418,Ralph Norman,Republican,Ralph Norman (R),2333,South Carolina 5th,15494,Ralph,Norman
240,South Carolina,Congressional District 7,958926941,16861.0,709479.0,2198413112,4763893117,Lindsey Graham (R),Tim Scott (R),224.81609233605653,Tom Rice,Republican,Tom Rice (R),1286,South Carolina 7th,15494,Tom,Rice
241,South Carolina,Congressional District 2,225271436,22060.0,707819.0,2198413112,4763893117,Lindsey Graham (R),Tim Scott (R),231.62084347722816,Joe Wilson,Republican,Joe Wilson (R),1341,South Carolina 2nd,15494,Joe,Wilson
242,South Carolina,Congressional District 6,865071998,19366.0,662894.0,2198413112,4763893117,Lindsey Graham (R),Tim Scott (R),387.0908114774632,Jim Clyburn,Democrat,Jim Clyburn (D),1929,South Carolina 6th,15494,Jim,Clyburn
243,Virginia,Congressional District 1,1767438169,18902.0,785774.0,1042614114,1336016370,Tim Kaine (D),Mark Warner (D),30.08167870431104,Rob Wittman,Republican,Rob Wittman (R),165,Virginia 1st,6307,Rob,Wittman
244,Virginia,Congressional District 3,406420212,14743.0,738833.0,1042614114,1336016370,Tim Kaine (D),Mark Warner (D),124.18499425461377,Bobby Scott,Democrat,Bobby Scott (D),711,Virginia 3rd,6307,Bobby,Scott
245,Virginia,Congressional District 10,37324155,23324.0,826914.0,1042614114,1336016370,Tim Kaine (D),Mark Warner (D),69.41479713792066,Jennifer Wexton,Democrat,Jennifer Wexton (D),379,Virginia 10th,6307,Jennifer,Wexton
246,Virginia,Congressional District 5,391890253,13745.0,734216.0,1042614114,1336016370,Tim Kaine (D),Mark Warner (D),89.01844004275375,Denver Riggleman,Republican,Denver Riggleman (R),526,Virginia 5th,6307,Denver,Riggleman
247,Virginia,Congressional District 4,296483280,11771.0,765419.0,1042614114,1336016370,Tim Kaine (D),Mark Warner (D),113.60939769846995,Donald McEachin,Democrat,Donald McEachin (D),575,Virginia 4th,6307,Donald,McEachin
248,Virginia,Congressional District 7,144698517,14355.0,777354.0,1042614114,1336016370,Tim Kaine (D),Mark Warner (D),103.70328592569697,Abigail Spanberger,Democrat,Abigail Spanberger (D),579,Virginia 7th,6307,Abigail,Spanberger
249,Virginia,Congressional District 2,5175504914,20625.0,738568.0,1042614114,1336016370,Tim Kaine (D),Mark Warner (D),75.57901353029003,Elaine Luria,Democrat,Elaine Luria (D),463,Virginia 2nd,6307,Elaine,Luria
250,Virginia,Congressional District 11,21326058,16879.0,791509.0,1042614114,1336016370,Tim Kaine (D),Mark Warner (D),24.074878108659053,Gerry Connolly,Democrat,Gerry Connolly (D),126,Virginia 11th,6307,Gerry,Connolly
251,Virginia,Congressional District 9,153447195,7637.0,711468.0,1042614114,1336016370,Tim Kaine (D),Mark Warner (D),248.01391930515334,Morgan Griffith,Republican,Morgan Griffith (R),1337,Virginia 9th,6307,Morgan,Griffith
252,Virginia,Congressional District 6,104993717,14391.0,750774.0,1042614114,1336016370,Tim Kaine (D),Mark Warner (D),230.09208827548974,Ben Cline,Republican,Ben Cline (R),1413,Virginia 6th,6307,Ben,Cline
253,Virginia,Congressional District 8,29005304,16674.0,792945.0,1042614114,1336016370,Tim Kaine (D),Mark Warner (D),6.046591016639421,Don Beyer,Democrat,Don Beyer (D),33,Virginia 8th,6307,Don,Beyer
254,West Virginia,Congressional District 1,175294958,3628.0,614325.0,119981942,116640231,Shelley Capito (R),Joe Manchin (D),124.87678992380364,David McKinley,Republican,David McKinley (R),521,West Virginia 1st,998,David,McKinley
255,West Virginia,Congressional District 3,191079291,2745.0,591379.0,119981942,116640231,Shelley Capito (R),Joe Manchin (D),69.48277216481314,Carol Miller,Republican,Carol Miller (R),290,West Virginia 3rd,998,Carol,Miller
256,West Virginia,Congressional District 2,122654294,4609.0,623350.0,119981942,116640231,Shelley Capito (R),Joe Manchin (D),40.230941911382956,Alex Mooney,Republican,Alex Mooney (R),187,West Virginia 2nd,998,Alex,Mooney
257,Alabama,Congressional District 1,2275675091,10765.0,706503.0,2249803741,5032022009,Doug Jones (D),Richard Shelby (R),511.5763035140013,Bradley Byrne,Republican,Bradley Byrne (R),2404,Alabama 1st,13084,Bradley,Byrne
258,Alabama,Congressional District 3,471223121,11489.0,706705.0,2249803741,5032022009,Doug Jones (D),Richard Shelby (R),314.59719577391627,Mike Rogers,Republican,Mike Rogers (R),1623,Alabama 3rd,13084,Mike,Rogers
259,Alabama,Congressional District 5,459955499,23798.0,714145.0,2249803741,5032022009,Doug Jones (D),Richard Shelby (R),342.7892380150647,Mo Brooks,Republican,Mo Brooks (R),1775,Alabama 5th,13084,Mo,Brooks
260,Alabama,Congressional District 4,573214646,26727.0,683391.0,2249803741,5032022009,Doug Jones (D),Richard Shelby (R),423.9619850963795,Robert Aderholt,Republican,Robert Aderholt (R),2326,Alabama 4th,13084,Robert,Aderholt
261,Alabama,Congressional District 7,332882012,12171.0,669646.0,2249803741,5032022009,Doug Jones (D),Richard Shelby (R),654.0917507410222,Terri Sewell,Democrat,Terri Sewell (D),3119,Alabama 7th,13084,Terri,Sewell
262,Alabama,Congressional District 2,303582941,13675.0,680575.0,2249803741,5032022009,Doug Jones (D),Richard Shelby (R),250.65233348831362,Martha Roby,Republican,Martha Roby (R),1299,Alabama 2nd,13084,Martha,Roby
263,Alabama,Congressional District 6,176793844,25585.0,703715.0,2249803741,5032022009,Doug Jones (D),Richard Shelby (R),107.24559437129848,Gary Palmer,Republican,Gary Palmer (R),538,Alabama 6th,13084,Gary,Palmer
264,Kentucky,Congressional District 2,388832054,13434.0,753608.0,2200720831,7524391013,Mitch McConnell (R),Rand Paul (R),513.6642627484717,Brett Guthrie,Republican,Brett Guthrie (R),3064,Kentucky 2nd,13247,Brett,Guthrie
265,Kentucky,Congressional District 6,115148400,24718.0,765842.0,2200720831,7524391013,Mitch McConnell (R),Rand Paul (R),551.5217929529531,Andy Barr,Republican,Andy Barr (R),3079,Kentucky 6th,13247,Andy,Barr
266,Kentucky,Congressional District 1,1221417588,15371.0,720226.0,2200720831,7524391013,Mitch McConnell (R),Rand Paul (R),484.8821097232912,James Comer,Republican,James Comer (R),2856,Kentucky 1st,13247,James,Comer
267,Kentucky,Congressional District 3,40946491,15704.0,745082.0,2200720831,7524391013,Mitch McConnell (R),Rand Paul (R),299.0623164592821,John Yarmuth,Democrat,John Yarmuth (D),1521,Kentucky 3rd,13247,John,Yarmuth
268,Kentucky,Congressional District 5,312392707,5411.0,702070.0,2200720831,7524391013,Mitch McConnell (R),Rand Paul (R),92.07353066254643,Hal Rogers,Republican,Hal Rogers (R),547,Kentucky 5th,13247,Hal,Rogers
269,Kentucky,Congressional District 4,296600515,14579.0,753376.0,2200720831,7524391013,Mitch McConnell (R),Rand Paul (R),361.37430345345155,Thomas Massie,Republican,Thomas Massie (R),2180,Kentucky 4th,13247,Thomas,Massie
270,Mississippi,Congressional District 1,408680692,19717.0,760715.0,1442401727,1626407846,Cindy Hyde-Smith (R),Roger Wicker (R),484.9945453420125,Trent Kelly,Republican,Trent Kelly (R),2394,Mississippi 1st,5619,Trent,Kelly
271,Mississippi,Congressional District 3,341749292,10152.0,749199.0,1442401727,1626407846,Cindy Hyde-Smith (R),Roger Wicker (R),218.04751246754373,Michael Guest,Republican,Michael Guest (R),1067,Mississippi 3rd,5619,Michael,Guest
272,Mississippi,Congressional District 4,2218315431,16072.0,767132.0,1442401727,1626407846,Cindy Hyde-Smith (R),Roger Wicker (R),330.9006607922851,Steven Palazzo,Republican,Steven Palazzo (R),1272,Mississippi 4th,5619,Steven,Palazzo
273,Mississippi,Congressional District 2,958174343,10341.0,711716.0,1442401727,1626407846,Cindy Hyde-Smith (R),Roger Wicker (R),170.23447839815572,Bennie Thompson,Democrat,Bennie Thompson (D),886,Mississippi 2nd,5619,Bennie,Thompson
274,Tennessee,Congressional District 1,204163863,15576.0,713768.0,4162736120,10314082493,Lamar Alexander (R),Marsha Blackburn (R),631.0221617289568,Phil Roe,Republican,Phil Roe (R),3315,Tennessee 1st,26808,Phil,Roe
275,Tennessee,Congressional District 3,372167533,15421.0,726454.0,4162736120,10314082493,Lamar Alexander (R),Marsha Blackburn (R),664.0130089894245,Chuck Fleischmann,Republican,Chuck Fleischmann (R),3715,Tennessee 3rd,26808,Chuck,Fleischmann
276,Tennessee,Congressional District 5,72095867,43238.0,765122.0,4162736120,10314082493,Lamar Alexander (R),Marsha Blackburn (R),191.87434968362942,Jim Cooper,Democrat,Jim Cooper (D),1168,Tennessee 5th,26808,Jim,Cooper
277,Tennessee,Congressional District 4,242150169,31616.0,769786.0,4162736120,10314082493,Lamar Alexander (R),Marsha Blackburn (R),936.0339041384991,Scott DesJarlais,Republican,Scott DesJarlais (R),5279,Tennessee 4th,26808,Scott,DesJarlais
278,Tennessee,Congressional District 7,415476120,20899.0,764797.0,4162736120,10314082493,Lamar Alexander (R),Marsha Blackburn (R),382.21183723288,Mark Green,Republican,Mark Green (R),2159,Tennessee 7th,26808,Mark,Green
279,Tennessee,Congressional District 2,278544192,18004.0,738722.0,4162736120,10314082493,Lamar Alexander (R),Marsha Blackburn (R),462.4829693963154,Tim Burchett,Republican,Tim Burchett (R),2359,Tennessee 2nd,26808,Tim,Burchett
280,Tennessee,Congressional District 8,387103686,15125.0,708031.0,4162736120,10314082493,Lamar Alexander (R),Marsha Blackburn (R),601.9164928029251,David Kustoff,Republican,David Kustoff (R),3384,Tennessee 8th,26808,David,Kustoff
281,Tennessee,Congressional District 9,53745455,35996.0,705233.0,4162736120,10314082493,Lamar Alexander (R),Marsha Blackburn (R),563.4316389900521,Steve Cohen,Democrat,Steve Cohen (D),2733,Tennessee 9th,26808,Steve,Cohen
282,Tennessee,Congressional District 6,324676580,21682.0,759176.0,4162736120,10314082493,Lamar Alexander (R),Marsha Blackburn (R),452.82268803730705,John Rose,Republican,John Rose (R),2696,Tennessee 6th,26808,John,Rose
283,Arkansas,Congressional District 1,1234692466,18373.0,722915.0,744966801,1038266894,John Boozman (R),Tom Cotton (R),400.2840961148929,Rick Crawford,Republican,Rick Crawford (R),2894,Arkansas 1st,6674,Rick,Crawford
284,Arkansas,Congressional District 3,375776742,77964.0,795817.0,744966801,1038266894,John Boozman (R),Tom Cotton (R),188.54890458401897,Steve Womack,Republican,Steve Womack (R),1376,Arkansas 3rd,6674,Steve,Womack
285,Arkansas,Congressional District 4,1049845616,35167.0,711335.0,744966801,1038266894,John Boozman (R),Tom Cotton (R),288.2162360261997,Bruce Westerman,Republican,Bruce Westerman (R),1930,Arkansas 4th,6674,Bruce,Westerman
286,Arkansas,Congressional District 2,302544768,27769.0,760604.0,744966801,1038266894,John Boozman (R),Tom Cotton (R),86.36785827488714,French Hill,Republican,French Hill (R),474,Arkansas 2nd,6674,French,Hill
287,Louisiana,Congressional District 4,1106343072,19192.0,753519.0,8354553347,2397795971,Bill Cassidy (R),John Kennedy (R),570.9592371067613,Mike Johnson,Republican,Mike Johnson (R),1632,Louisiana 4th,18808,Mike,Johnson
288,Louisiana,Congressional District 2,522407749,11712.0,789120.0,8354553347,2397795971,Bill Cassidy (R),John Kennedy (R),1868.0000978138248,Cedric Richmond,Democrat,Cedric Richmond (D),4039,Louisiana 2nd,18808,Cedric,Richmond
289,Louisiana,Congressional District 6,1012577737,15831.0,789153.0,8354553347,2397795971,Bill Cassidy (R),John Kennedy (R),2577.155376414973,Garret Graves,Republican,Garret Graves (R),5179,Louisiana 6th,18808,Garret,Graves
290,Louisiana,Congressional District 1,14398936017,17508.0,801089.0,8354553347,2397795971,Bill Cassidy (R),John Kennedy (R),879.7459756002,Steve Scalise,Republican,Steve Scalise (R),2071,Louisiana 1st,18808,Steve,Scalise
291,Louisiana,Congressional District 3,5594833099,18144.0,783013.0,8354553347,2397795971,Bill Cassidy (R),John Kennedy (R),1762.9049760458975,Clay Higgins,Republican,Clay Higgins (R),4233,Louisiana 3rd,18808,Clay,Higgins
292,Louisiana,Congressional District 5,1118524221,11363.0,747722.0,8354553347,2397795971,Bill Cassidy (R),John Kennedy (R),331.0232000183174,Ralph Abraham,Republican,Ralph Abraham (R),1654,Louisiana 5th,18808,Ralph,Abraham
293,Oklahoma,Congressional District 1,143292945,71310.0,797151.0,820171537,695985104,James Inhofe (R),James Lankford (R),116.8946281975361,Kevin Hern,Republican,Kevin Hern (R),602,Oklahoma 1st,4517,Kevin,Hern
294,Oklahoma,Congressional District 3,814268800,66633.0,776845.0,820171537,695985104,James Inhofe (R),James Lankford (R),231.47078510857528,Frank Lucas,Republican,Frank Lucas (R),1493,Oklahoma 3rd,4517,Frank,Lucas
295,Oklahoma,Congressional District 5,59057302,111629.0,811988.0,820171537,695985104,James Inhofe (R),James Lankford (R),77.40152001728141,Kendra Horn,Democrat,Kendra Horn (D),456,Oklahoma 5th,4517,Kendra,Horn
296,Oklahoma,Congressional District 4,408016815,51191.0,783867.0,820171537,695985104,James Inhofe (R),James Lankford (R),92.42162084833973,Tom Cole,Republican,Tom Cole (R),526,Oklahoma 4th,4517,Tom,Cole
297,Oklahoma,Congressional District 2,1949952135,32403.0,748286.0,820171537,695985104,James Inhofe (R),James Lankford (R),271.77979782826543,Markwayne Mullin,Republican,Markwayne Mullin (R),1440,Oklahoma 2nd,4517,Markwayne,Mullin
298,Texas,Congressional District 28,299391564,547983.0,750331.0,108583722521,104286717032,John Cornyn (R),Ted Cruz (R),476.9824267018273,Henry Cuellar,Democrat,Henry Cuellar (D),2827,Texas 28th,509869,Henry,Cuellar
299,Texas,Congressional District 1,950996579,113745.0,718215.0,108583722521,104286717032,John Cornyn (R),Ted Cruz (R),2652.872986335117,Louie Gohmert,Republican,Louie Gohmert (R),14697,Texas 1st,509869,Louie,Gohmert
300,Texas,Congressional District 29,10286993,504000.0,745389.0,108583722521,104286717032,John Cornyn (R),Ted Cruz (R),3648.7035579915773,Sylvia Garcia,Democrat,Sylvia Garcia (D),15867,Texas 29th,509869,Sylvia,Garcia
301,Texas,Congressional District 7,3069802,141116.0,785024.0,108583722521,104286717032,John Cornyn (R),Ted Cruz (R),5392.441640650543,Lizzie Fletcher,Democrat,Lizzie Fletcher (D),16039,Texas 7th,509869,Lizzie,Fletcher
302,Texas,Congressional District 27,4536985434,358756.0,737102.0,108583722521,104286717032,John Cornyn (R),Ted Cruz (R),3987.6243299356825,Michael Cloud,Republican,Michael Cloud (R),12025,Texas 27th,509869,Michael,Cloud
303,Texas,Congressional District 6,255530191,150817.0,773108.0,108583722521,104286717032,John Cornyn (R),Ted Cruz (R),3515.432585098309,Ron Wright,Republican,Ron Wright (R),19054,Texas 6th,509869,Ron,Wright
304,Texas,Congressional District 17,309171233,170960.0,764593.0,108583722521,104286717032,John Cornyn (R),Ted Cruz (R),2243.0315029330277,Bill Flores,Republican,Bill Flores (R),13231,Texas 17th,509869,Bill,Flores
305,Texas,Congressional District 14,2539468440,158877.0,747166.0,108583722521,104286717032,John Cornyn (R),Ted Cruz (R),11175.769103129922,Randy Weber,Republican,Randy Weber (R),27289,Texas 14th,509869,Randy,Weber
306,Texas,Congressional District 36,1242515897,161293.0,736668.0,108583722521,104286717032,John Cornyn (R),Ted Cruz (R),4043.3516345830626,Brian Babin,Republican,Brian Babin (R),15948,Texas 36th,509869,Brian,Babin
307,Texas,Congressional District 5,493918427,186045.0,744338.0,108583722521,104286717032,John Cornyn (R),Ted Cruz (R),2557.3351977162138,Lance Gooden,Republican,Lance Gooden (R),14102,Texas 5th,509869,Lance,Gooden
308,Texas,Congressional District 16,3699541,560013.0,737368.0,108583722521,104286717032,John Cornyn (R),Ted Cruz (R),2290.485885404746,Veronica Escobar,Democrat,Veronica Escobar (D),11763,Texas 16th,509869,Veronica,Escobar
309,Texas,Congressional District 24,23325673,139665.0,789219.0,108583722521,104286717032,John Cornyn (R),Ted Cruz (R),4058.7692757808113,Kenny Marchant,Republican,Kenny Marchant (R),21704,Texas 24th,509869,Kenny,Marchant
310,Texas,Congressional District 33,16592268,427589.0,736783.0,108583722521,104286717032,John Cornyn (R),Ted Cruz (R),2911.5010331205826,Marc Veasey,Democrat,Marc Veasey (D),16533,Texas 33rd,509869,Marc,Veasey
311,Texas,Congressional District 11,567658850,272061.0,764038.0,108583722521,104286717032,John Cornyn (R),Ted Cruz (R),2609.6353108704484,Mike Conaway,Republican,Mike Conaway (R),11619,Texas 11th,509869,Mike,Conaway
312,Texas,Congressional District 15,154866294,607546.0,776971.0,108583722521,104286717032,John Cornyn (R),Ted Cruz (R),1304.2803661043986,Vicente González,Democrat,Vicente González (D),8171,Texas 15th,509869,Vicente,González
313,Texas,Congressional District 23,448808223,492112.0,760106.0,108583722521,104286717032,John Cornyn (R),Ted Cruz (R),1003.5721928650354,Will Hurd,Republican,Will Hurd (R),4859,Texas 23rd,509869,Will,Hurd
314,Texas,Congressional District 12,86780622,154980.0,793259.0,108583722521,104286717032,John Cornyn (R),Ted Cruz (R),2551.9950903697004,Kay Granger,Republican,Kay Granger (R),14868,Texas 12th,509869,Kay,Granger
315,Texas,Congressional District 8,410338546,141996.0,832589.0,108583722521,104286717032,John Cornyn (R),Ted Cruz (R),1281.554734191238,Kevin Brady,Republican,Kevin Brady (R),6920,Texas 8th,509869,Kevin,Brady
316,Texas,Congressional District 34,3364171422,584860.0,722603.0,108583722521,104286717032,John Cornyn (R),Ted Cruz (R),855.3657992570583,Filemon Vela,Democrat,Filemon Vela (D),5175,Texas 34th,509869,Filemon,Vela
317,Texas,Congressional District 30,32939871,271364.0,776026.0,108583722521,104286717032,John Cornyn (R),Ted Cruz (R),1345.5712595396137,Eddie Bernice Johnson,Democrat,Eddie Bernice Johnson (D),7300,Texas 30th,509869,Eddie Bernice,Johnson
318,Texas,Congressional District 18,4386002,247501.0,776383.0,108583722521,104286717032,John Cornyn (R),Ted Cruz (R),5437.246495592282,Shelia Jackson Lee,Democrat,Shelia Jackson Lee (D),21312,Texas 18th,509869,Shelia Jackson,Lee
319,Texas,Congressional District 2,54815759,176154.0,785386.0,108583722521,104286717032,John Cornyn (R),Ted Cruz (R),3961.2865376739715,Dan Crenshaw,Republican,Dan Crenshaw (R),17615,Texas 2nd,509869,Dan,Crenshaw
320,Texas,Congressional District 20,1036519,498309.0,798543.0,108583722521,104286717032,John Cornyn (R),Ted Cruz (R),1147.2754033107794,Joaquin Castro,Democrat,Joaquin Castro (D),6409,Texas 20th,509869,Joaquin,Castro
321,Texas,Congressional District 31,136094581,159643.0,829808.0,108583722521,104286717032,John Cornyn (R),Ted Cruz (R),2585.35457238554,John Carter,Republican,John Carter (R),13319,Texas 31st,509869,John,Carter
322,Texas,Congressional District 25,316353052,115639.0,768407.0,108583722521,104286717032,John Cornyn (R),Ted Cruz (R),1837.6956131232619,Roger Williams,Republican,Roger Williams (R),10316,Texas 25th,509869,Roger,Williams
323,Texas,Congressional District 32,34271738,159134.0,764700.0,108583722521,104286717032,John Cornyn (R),Ted Cruz (R),3763.5690664644853,Colin Allred,Democrat,Colin Allred (D),19276,Texas 32nd,509869,Colin,Allred
324,Texas,Congressional District 21,91754552,198023.0,795908.0,108583722521,104286717032,John Cornyn (R),Ted Cruz (R),1790.870783522018,Chip Roy,Republican,Chip Roy (R),10042,Texas 21st,509869,Chip,Roy
325,Texas,Congressional District 3,98074589,92870.0,842866.0,108583722521,104286717032,John Cornyn (R),Ted Cruz (R),4952.7322366769995,Van Taylor,Republican,Van Taylor (R),22551,Texas 3rd,509869,Van,Taylor
326,Texas,Congressional District 10,185202535,183352.0,839780.0,108583722521,104286717032,John Cornyn (R),Ted Cruz (R),5828.082802097615,Michael McCaul,Republican,Michael McCaul (R),31882,Texas 10th,509869,Michael,McCaul
327,Texas,Congressional District 4,1009693997,89178.0,738929.0,108583722521,104286717032,John Cornyn (R),Ted Cruz (R),3371.81103801335,John Ratcliffe (resigned),Republican,John Ratcliffe (resigned) (R),19958,Texas 4th,509869,John,Ratcliffe (resigned)
328,Texas,Congressional District 35,19151538,439711.0,806895.0,108583722521,104286717032,John Cornyn (R),Ted Cruz (R),2081.7166667787733,Lloyd Doggett,Democrat,Lloyd Doggett (D),11789,Texas 35th,509869,Lloyd,Doggett
329,Texas,Congressional District 13,764765962,172815.0,710847.0,108583722521,104286717032,John Cornyn (R),Ted Cruz (R),4359.99294399918,Mac Thornberry,Republican,Mac Thornberry (R),23141,Texas 13th,509869,Mac,Thornberry
330,Texas,Congressional District 26,191353567,117778.0,848154.0,108583722521,104286717032,John Cornyn (R),Ted Cruz (R),1611.1683211551683,Michael Burgess,Republican,Michael Burgess (R),9058,Texas 26th,509869,Michael,Burgess
331,Texas,Congressional District 22,61159619,170591.0,880197.0,108583722521,104286717032,John Cornyn (R),Ted Cruz (R),1797.783413718313,Pete Olson,Republican,Pete Olson (R),8114,Texas 22nd,509869,Pete,Olson
332,Texas,Congressional District 9,5290341,186926.0,781992.0,108583722521,104286717032,John Cornyn (R),Ted Cruz (R),3423.631531760365,Al Green,Democrat,Al Green (D),17143,Texas 9th,509869,Al,Green
333,Texas,Congressional District 19,282385039,241104.0,725504.0,108583722521,104286717032,John Cornyn (R),Ted Cruz (R),1519.3941621487627,Jodey Arrington,Republican,Jodey Arrington (R),7953,Texas 19th,509869,Jodey,Arrington
334,Arizona,Congressional District 1,354110880,150464.0,753580.0,8188846476,9318286367,Martha McSally (R),Kyrsten Sinema (D),999.8752018171923,Tom O'Halleran,Democrat,Tom O'Halleran (D),4410,Arizona 1st,38244,Tom,O'Halleran
335,Arizona,Congressional District 3,8409911,450997.0,771436.0,8188846476,9318286367,Martha McSally (R),Kyrsten Sinema (D),1065.697917053613,Raúl Grijalva,Democrat,Raúl Grijalva (D),4919,Arizona 3rd,38244,Raúl,Grijalva
336,Arizona,Congressional District 5,2338559,118848.0,803186.0,8188846476,9318286367,Martha McSally (R),Kyrsten Sinema (D),381.4539765965022,Andy Biggs,Republican,Andy Biggs (R),1911,Arizona 5th,38244,Andy,Biggs
337,Arizona,Congressional District 4,504383238,130043.0,768077.0,8188846476,9318286367,Martha McSally (R),Kyrsten Sinema (D),912.1776791334514,Paul Gosar,Republican,Paul Gosar (R),4217,Arizona 4th,38244,Paul,Gosar
338,Arizona,Congressional District 7,1651788,476683.0,801173.0,8188846476,9318286367,Martha McSally (R),Kyrsten Sinema (D),1224.7126927952295,Ruben Gallego,Democrat,Ruben Gallego (D),6814,Arizona 7th,38244,Ruben,Gallego
339,Arizona,Congressional District 2,138375379,178545.0,719924.0,8188846476,9318286367,Martha McSally (R),Kyrsten Sinema (D),672.4133350106702,Ann Kirkpatrick,Democrat,Ann Kirkpatrick (D),3752,Arizona 2nd,38244,Ann,Kirkpatrick
340,Arizona,Congressional District 9,2969348,184719.0,774776.0,8188846476,9318286367,Martha McSally (R),Kyrsten Sinema (D),1461.9871298732578,Greg Stanton,Democrat,Greg Stanton (D),7482,Arizona 9th,38244,Greg,Stanton
341,Arizona,Congressional District 6,11030711,109095.0,776729.0,8188846476,9318286367,Martha McSally (R),Kyrsten Sinema (D),740.3553683992474,David Schweikert,Republican,David Schweikert (R),3944,Arizona 6th,38244,David,Schweikert
342,Arizona,Congressional District 8,4067789,126880.0,777804.0,8188846476,9318286367,Martha McSally (R),Kyrsten Sinema (D),138.93502332082036,Debbie Lesko,Republican,Debbie Lesko (R),795,Arizona 8th,38244,Debbie,Lesko
343,Colorado,Congressional District 1,7076638,177378.0,818722.0,1067741841,1519338347,Michael Bennet (D),Cory Gardner (R),123.7594732649256,Diana DeGette,Democrat,Diana DeGette (D),817,Colorado 1st,8406,Diana,DeGette
344,Colorado,Congressional District 3,388259104,119034.0,739107.0,1067741841,1519338347,Michael Bennet (D),Cory Gardner (R),139.0824354258106,Scott Tipton,Republican,Scott Tipton (R),870,Colorado 3rd,8406,Scott,Tipton
345,Colorado,Congressional District 5,61234902,77179.0,786912.0,1067741841,1519338347,Michael Bennet (D),Cory Gardner (R),45.28277579548552,Doug Lamborn,Republican,Doug Lamborn (R),269,Colorado 5th,8406,Doug,Lamborn
346,Colorado,Congressional District 4,438848484,138960.0,799390.0,1067741841,1519338347,Michael Bennet (D),Cory Gardner (R),558.8105945519898,Ken Buck,Republican,Ken Buck (R),4111,Colorado 4th,8406,Ken,Buck
347,Colorado,Congressional District 7,27439545,181238.0,784728.0,1067741841,1519338347,Michael Bennet (D),Cory Gardner (R),184.93723528411743,Ed Perlmutter,Democrat,Ed Perlmutter (D),1111,Colorado 7th,8406,Ed,Perlmutter
348,Colorado,Congressional District 2,236595196,60501.0,796438.0,1067741841,1519338347,Michael Bennet (D),Cory Gardner (R),184.04486233227,Joe Neguse,Democrat,Joe Neguse (D),1061,Colorado 2nd,8406,Joe,Neguse
349,Colorado,Congressional District 6,22167724,114859.0,805844.0,1067741841,1519338347,Michael Bennet (D),Cory Gardner (R),27.54163434539991,Jason Crow,Democrat,Jason Crow (D),167,Colorado 6th,8406,Jason,Crow
350,Idaho,Congressional District 1,1310417824,80132.0,869560.0,257514726,225432607,Michael Crapo (R),Jim Risch (R),85.61767382282308,Russ Fulcher,Republican,Russ Fulcher (R),641,Idaho 1st,1823,Russ,Fulcher
351,Idaho,Congressional District 2,1081304733,101053.0,818249.0,257514726,225432607,Michael Crapo (R),Jim Risch (R),156.0703001771766,Mike Simpson,Republican,Mike Simpson (R),1182,Idaho 2nd,1823,Mike,Simpson
352,Montana,Congressional District (at Large),3869208832,27510.0,1041732.0,53879742,110700327,Steve Daines (R),Jon Tester (D),60.853554,Greg Gianforte,Republican,Greg Gianforte (R),506,Montana Congressional District (at Large),506,Greg,Gianforte
353,Nevada,Congressional District 1,16683,238283.0,689384.0,778228961,934696505,Catherine Cortez Masto (D),Jacky Rosen (D),55.50227576195795,Dina Titus,Democrat,Dina Titus (D),352,Nevada 1st,3086,Dina,Titus
354,Nevada,Congressional District 3,102791046,93495.0,785285.0,778228961,934696505,Catherine Cortez Masto (D),Jacky Rosen (D),41.40583034869714,Susie Lee,Democrat,Susie Lee (D),274,Nevada 3rd,3086,Susie,Lee
355,Nevada,Congressional District 4,628524268,170206.0,739823.0,778228961,934696505,Catherine Cortez Masto (D),Jacky Rosen (D),34.345359462784025,Steven Horsford,Democrat,Steven Horsford (D),188,Nevada 4th,3086,Steven,Horsford
356,Nevada,Congressional District 2,1315874075,127485.0,708357.0,778228961,934696505,Catherine Cortez Masto (D),Jacky Rosen (D),454.4598984265595,Mark Amodei,Republican,Mark Amodei (R),2272,Nevada 2nd,3086,Mark,Amodei
357,New Mexico,Congressional District 1,16504856,206272.0,695519.0,2387497076,1385280661,Martin Heinrich (D),Tom Udall (D),814.9061551140052,Deb Haaland,Democrat,Deb Haaland (D),4570,New Mexico 1st,7783,Deb,Haaland
358,New Mexico,Congressional District 3,303683653,130129.0,696738.0,2387497076,1385280661,Martin Heinrich (D),Tom Udall (D),234.64434753520334,Ben Ray Luján,Democrat,Ben Ray Luján (D),1211,New Mexico 3rd,7783,Ben Ray,Luján
359,New Mexico,Congressional District 2,408588014,322115.0,700177.0,2387497076,1385280661,Martin Heinrich (D),Tom Udall (D),365.41632435079003,Xochitl Torres Small,Democrat,Xochitl Torres Small (D),2002,New Mexico 2nd,7783,Xochitl,Torres Small
360,Utah,Congressional District 1,3222107014,72262.0,751772.0,762350051,4652538839,Mike Lee (R),Mitt Romney (R),321.8227366989259,Rob Bishop,Republican,Rob Bishop (R),1930,Utah 1st,3961,Rob,Bishop
361,Utah,Congressional District 3,458725091,52783.0,749828.0,762350051,4652538839,Mike Lee (R),Mitt Romney (R),106.93643069224451,John Curtis,Republican,John Curtis (R),535,Utah 3rd,3961,John,Curtis
362,Utah,Congressional District 4,373990713,93750.0,790994.0,762350051,4652538839,Mike Lee (R),Mitt Romney (R),137.23627638869266,Ben McAdams,Democrat,Ben McAdams (D),708,Utah 4th,3961,Ben,McAdams
363,Utah,Congressional District 2,2944001576,87580.0,752756.0,762350051,4652538839,Mike Lee (R),Mitt Romney (R),158.6103882201352,Chris Stewart,Republican,Chris Stewart (R),788,Utah 2nd,3961,Chris,Stewart
364,Wyoming,Congressional District (at Large),1867670745,44704.0,581836.0,45754750,29317376,John Barrasso (R),Michael Enzi (R),36.170251,Liz Cheney,Republican,Liz Cheney (R),154,Wyoming Congressional District (at Large),154,Liz,Cheney
365,Alaska,Congressional District (at Large),245481577452,28049.0,738516.0,23147822,58890104,Lisa Murkowski (R),Dan Sullivan (R),32.619232,Don Young,Republican,Don Young (R),167,Alaska Congressional District (at Large),167,Don,Young
366,California,Congressional District 36,201717828,330744.0,743337.0,27808608324,46713420010,Dianne Feinstein (D),Kamala Harris (D),290.21293579859463,Raul Ruiz,Democrat,Raul Ruiz (D),1887,California 36th,172161,Raul,Ruiz
367,California,Congressional District 16,118249352,420252.0,728535.0,27808608324,46713420010,Dianne Feinstein (D),Kamala Harris (D),507.26820374289116,Jim Costa,Democrat,Jim Costa (D),3393,California 16th,172161,Jim,Costa
368,California,Congressional District 46,995827,437811.0,728906.0,27808608324,46713420010,Dianne Feinstein (D),Kamala Harris (D),874.2423082421528,Lou Correa,Democrat,Lou Correa (D),4967,California 46th,172161,Lou,Correa
369,California,Congressional District 37,351790,166633.0,724002.0,27808608324,46713420010,Dianne Feinstein (D),Kamala Harris (D),282.11091983074544,Karen Bass,Democrat,Karen Bass (D),1803,California 37th,172161,Karen,Bass
370,California,Congressional District 33,489486946,59639.0,713727.0,27808608324,46713420010,Dianne Feinstein (D),Kamala Harris (D),460.9574547920308,Ted Lieu,Democrat,Ted Lieu (D),2433,California 33rd,172161,Ted,Lieu
371,California,Congressional District 15,73625793,134942.0,773841.0,27808608324,46713420010,Dianne Feinstein (D),Kamala Harris (D),558.1734482938882,Eric Swalwell,Democrat,Eric Swalwell (D),2913,California 15th,172161,Eric,Swalwell
372,California,Congressional District 53,5538110,229602.0,769137.0,27808608324,46713420010,Dianne Feinstein (D),Kamala Harris (D),263.9453084811901,Susan Davis,Democrat,Susan Davis (D),1390,California 53rd,172161,Susan,Davis
373,California,Congressional District 47,1176361929,207886.0,714812.0,27808608324,46713420010,Dianne Feinstein (D),Kamala Harris (D),542.7427559214743,Alan Lowenthal,Democrat,Alan Lowenthal (D),3047,California 47th,172161,Alan,Lowenthal
374,California,Congressional District 31,5694100,334774.0,744628.0,27808608324,46713420010,Dianne Feinstein (D),Kamala Harris (D),468.35088162707405,Pete Aguilar,Democrat,Pete Aguilar (D),2851,California 31st,172161,Pete,Aguilar
375,California,Congressional District 3,456161284,189209.0,736039.0,27808608324,46713420010,Dianne Feinstein (D),Kamala Harris (D),480.39857929794596,John Garamendi,Democrat,John Garamendi (D),3277,California 3rd,172161,John,Garamendi
376,California,Congressional District 21,33795770,506639.0,712857.0,27808608324,46713420010,Dianne Feinstein (D),Kamala Harris (D),506.83167134787635,T.J. Cox,Democrat,T.J. Cox (D),3364,California 21st,172161,T.J.,Cox
377,California,Congressional District 48,281882221,125394.0,726516.0,27808608324,46713420010,Dianne Feinstein (D),Kamala Harris (D),681.6320864689332,Harley Rouda,Democrat,Harley Rouda (D),3933,California 48th,172161,Harley,Rouda
378,California,Congressional District 10,54084843,293829.0,744389.0,27808608324,46713420010,Dianne Feinstein (D),Kamala Harris (D),520.1708986824849,Josh Harder,Democrat,Josh Harder (D),3603,California 10th,172161,Josh,Harder
379,California,Congressional District 34,783650,313330.0,729285.0,27808608324,46713420010,Dianne Feinstein (D),Kamala Harris (D),804.0828205547814,Jimmy Gomez,Democrat,Jimmy Gomez (D),5468,California 34th,172161,Jimmy,Gomez
380,California,Congressional District 52,296660721,83958.0,765158.0,27808608324,46713420010,Dianne Feinstein (D),Kamala Harris (D),820.7291245374504,Scott Peters,Democrat,Scott Peters (D),3971,California 52nd,172161,Scott,Peters
381,California,Congressional District 30,5012026,131099.0,764572.0,27808608324,46713420010,Dianne Feinstein (D),Kamala Harris (D),337.5921467101103,Brad Sherman,Democrat,Brad Sherman (D),2000,California 30th,172161,Brad,Sherman
382,California,Congressional District 18,330001708,87749.0,740932.0,27808608324,46713420010,Dianne Feinstein (D),Kamala Harris (D),1056.7824631617095,Anna Eshoo,Democrat,Anna Eshoo (D),5301,California 18th,172161,Anna,Eshoo
383,California,Congressional District 20,1572235024,360021.0,735667.0,27808608324,46713420010,Dianne Feinstein (D),Kamala Harris (D),298.67877103191654,Jimmy Panetta,Democrat,Jimmy Panetta (D),1783,California 20th,172161,Jimmy,Panetta
384,California,Congressional District 42,44261217,263063.0,795401.0,27808608324,46713420010,Dianne Feinstein (D),Kamala Harris (D),719.2077414833848,Ken Calvert,Republican,Ken Calvert (R),4328,California 42nd,172161,Ken,Calvert
385,California,Congressional District 25,30779288,210985.0,718950.0,27808608324,46713420010,Dianne Feinstein (D),Kamala Harris (D),480.1100500645375,Mike Garcia,Republican,Mike Garcia (R),2511,California 25th,172161,Mike,Garcia
386,California,Congressional District 32,5293443,387825.0,719643.0,27808608324,46713420010,Dianne Feinstein (D),Kamala Harris (D),606.307282080793,Grace Napolitano,Democrat,Grace Napolitano (D),3243,California 32nd,172161,Grace,Napolitano
387,California,Congressional District 43,555893,246038.0,727621.0,27808608324,46713420010,Dianne Feinstein (D),Kamala Harris (D),529.2647928377859,Maxine Waters,Democrat,Maxine Waters (D),2962,California 43rd,172161,Maxine,Waters
388,California,Congressional District 35,356550,455910.0,741990.0,27808608324,46713420010,Dianne Feinstein (D),Kamala Harris (D),1062.427322380043,Norma Torres,Democrat,Norma Torres (D),6155,California 35th,172161,Norma,Torres
389,California,Congressional District 13,127168051,114320.0,754861.0,27808608324,46713420010,Dianne Feinstein (D),Kamala Harris (D),394.45454700888047,Barbara Lee,Democrat,Barbara Lee (D),2237,California 13th,172161,Barbara,Lee
390,California,Congressional District 26,807884720,297653.0,725953.0,27808608324,46713420010,Dianne Feinstein (D),Kamala Harris (D),696.7722948420352,Julia Brownley,Democrat,Julia Brownley (D),3842,California 26th,172161,Julia,Brownley
391,California,Congressional District 44,66957266,425439.0,723072.0,27808608324,46713420010,Dianne Feinstein (D),Kamala Harris (D),754.5075022299451,Nanette Barragan,Democrat,Nanette Barragan (D),3696,California 44th,172161,Nanette,Barragan
392,California,Congressional District 19,15265440,269165.0,759866.0,27808608324,46713420010,Dianne Feinstein (D),Kamala Harris (D),636.4986002507655,Zoe Lofgren,Democrat,Zoe Lofgren (D),3088,California 19th,172161,Zoe,Lofgren
393,California,Congressional District 49,511621679,165989.0,737614.0,27808608324,46713420010,Dianne Feinstein (D),Kamala Harris (D),654.4586887450306,Mike Levin,Democrat,Mike Levin (D),3353,California 49th,172161,Mike,Levin
394,California,Congressional District 5,319288355,167464.0,728000.0,27808608324,46713420010,Dianne Feinstein (D),Kamala Harris (D),475.67059381618895,Mike Thompson,Democrat,Mike Thompson (D),2488,California 5th,172161,Mike,Thompson
395,California,Congressional District 24,3684367981,239120.0,734027.0,27808608324,46713420010,Dianne Feinstein (D),Kamala Harris (D),521.4403585508823,Salud Carbajal,Democrat,Salud Carbajal (D),3013,California 24th,172161,Salud,Carbajal
396,California,Congressional District 29,1621914,345280.0,721304.0,27808608324,46713420010,Dianne Feinstein (D),Kamala Harris (D),478.2986717671131,Tony Cardenas,Democrat,Tony Cardenas (D),2756,California 29th,172161,Tony,Cardenas
397,California,Congressional District 7,13173746,103703.0,747097.0,27808608324,46713420010,Dianne Feinstein (D),Kamala Harris (D),246.9616056329182,Ami Bera,Democrat,Ami Bera (D),1500,California 7th,172161,Ami,Bera
398,California,Congressional District 6,10601204,179977.0,751475.0,27808608324,46713420010,Dianne Feinstein (D),Kamala Harris (D),251.68906033397383,Doris Matsui,Democrat,Doris Matsui (D),1459,California 6th,172161,Doris,Matsui
399,California,Congressional District 39,1078797,211550.0,727834.0,27808608324,46713420010,Dianne Feinstein (D),Kamala Harris (D),646.6946908259389,Gil Cisneros,Democrat,Gil Cisneros (D),3713,California 39th,172161,Gil,Cisneros
400,California,Congressional District 11,101766052,135845.0,754654.0,27808608324,46713420010,Dianne Feinstein (D),Kamala Harris (D),391.9554343651707,Mark DeSaulnier,Democrat,Mark DeSaulnier (D),1049,California 11th,172161,Mark,DeSaulnier
401,California,Congressional District 50,40261060,213962.0,747793.0,27808608324,46713420010,Dianne Feinstein (D),Kamala Harris (D),471.2394806574076,Duncan Hunter (Resigned),Republican,Duncan Hunter (Resigned) (R),2632,California 50th,172161,Duncan,Hunter (Resigned)
402,California,Congressional District 23,99793011,257539.0,740768.0,27808608324,46713420010,Dianne Feinstein (D),Kamala Harris (D),345.3505225977587,Kevin McCarthy,Republican,Kevin McCarthy (R),1664,California 23rd,172161,Kevin,McCarthy
403,California,Congressional District 8,444227838,248334.0,721709.0,27808608324,46713420010,Dianne Feinstein (D),Kamala Harris (D),238.28733287740351,Paul Cook,Republican,Paul Cook (R),1449,California 8th,172161,Paul,Cook
404,California,Congressional District 51,869815412,489529.0,729654.0,27808608324,46713420010,Dianne Feinstein (D),Kamala Harris (D),368.17065805204714,Juan Vargas,Democrat,Juan Vargas (D),1959,California 51st,172161,Juan,Vargas
405,California,Congressional District 28,2403435,98153.0,715011.0,27808608324,46713420010,Dianne Feinstein (D),Kamala Harris (D),415.92901285037146,Adam Schiff,Democrat,Adam Schiff (D),2587,California 28th,172161,Adam,Schiff
406,California,Congressional District 1,1948066307,79847.0,706822.0,27808608324,46713420010,Dianne Feinstein (D),Kamala Harris (D),434.17539605538065,Doug LaMalfa,Republican,Doug LaMalfa (R),2892,California 1st,172161,Doug,LaMalfa
407,California,Congressional District 40,1743216,517043.0,711793.0,27808608324,46713420010,Dianne Feinstein (D),Kamala Harris (D),814.5014025607294,Lucille Roybal-Allard,Democrat,Lucille Roybal-Allard (D),4698,California 40th,172161,Lucille,Roybal-Allard
408,California,Congressional District 12,211661576,57826.0,756773.0,27808608324,46713420010,Dianne Feinstein (D),Kamala Harris (D),84.35464717418557,Nancy Pelosi,Democrat,Nancy Pelosi (D),334,California 12th,172161,Nancy,Pelosi
409,California,Congressional District 45,5161857,110407.0,772341.0,27808608324,46713420010,Dianne Feinstein (D),Kamala Harris (D),1053.6385298684422,Katie Porter,Democrat,Katie Porter (D),5850,California 45th,172161,Katie,Porter
410,California,Congressional District 4,858297386,77392.0,734899.0,27808608324,46713420010,Dianne Feinstein (D),Kamala Harris (D),299.6834317562667,Tom McClintock,Republican,Tom McClintock (R),2056,California 4th,172161,Tom,McClintock
411,California,Congressional District 22,10371897,338607.0,755464.0,27808608324,46713420010,Dianne Feinstein (D),Kamala Harris (D),477.98854978619846,Devin Nunes,Republican,Devin Nunes (R),3193,California 22nd,172161,Devin,Nunes
412,California,Congressional District 9,140669213,255878.0,758327.0,27808608324,46713420010,Dianne Feinstein (D),Kamala Harris (D),387.6600254003819,Jerry McNerney,Democrat,Jerry McNerney (D),2502,California 9th,172161,Jerry,McNerney
413,California,Congressional District 41,4159166,407587.0,754152.0,27808608324,46713420010,Dianne Feinstein (D),Kamala Harris (D),580.1289046109852,Mark Takano,Democrat,Mark Takano (D),3438,California 41st,172161,Mark,Takano
414,California,Congressional District 27,7549848,162633.0,717944.0,27808608324,46713420010,Dianne Feinstein (D),Kamala Harris (D),388.18262554893266,Judy Chu,Democrat,Judy Chu (D),2247,California 27th,172161,Judy,Chu
415,California,Congressional District 17,21997291,98372.0,771459.0,27808608324,46713420010,Dianne Feinstein (D),Kamala Harris (D),3329.4042594629323,Ro Khanna,Democrat,Ro Khanna (D),16311,California 17th,172161,Ro,Khanna
416,California,Congressional District 14,827165077,102391.0,753548.0,27808608324,46713420010,Dianne Feinstein (D),Kamala Harris (D),345.93550497396944,Jackie Speier,Democrat,Jackie Speier (D),1723,California 14th,172161,Jackie,Speier
417,California,Congressional District 2,4122024588,87599.0,717732.0,27808608324,46713420010,Dianne Feinstein (D),Kamala Harris (D),384.94662253398633,Jared Huffman,Democrat,Jared Huffman (D),2715,California 2nd,172161,Jared,Huffman
418,California,Congressional District 38,3823181,385908.0,716869.0,27808608324,46713420010,Dianne Feinstein (D),Kamala Harris (D),916.5400614939331,Linda Sánchez,Democrat,Linda Sánchez (D),5134,California 38th,172161,Linda,Sánchez
419,Hawaii,Congressional District 1,456759507,17083.0,710707.0,917181,14381143,Mazie Hirono (D),Brian Schatz (D),0.513858127104481,Ed Case,Democrat,Ed Case (D),3,Hawaii 1st,5,Ed,Case
420,Hawaii,Congressional District 2,11321049519,28749.0,711322.0,917181,14381143,Mazie Hirono (D),Brian Schatz (D),0.27516887289551895,Tulsi Gabbard,Democrat,Tulsi Gabbard (D),2,Hawaii 2nd,5,Tulsi,Gabbard
421,Oregon,Congressional District 1,771013213,98352.0,832139.0,529925692,969661929,Jeff Merkley (D),Ron Wyden (D),97.02421485928812,Suzanne Bonamici,Democrat,Suzanne Bonamici (D),555,Oregon 1st,2891,Suzanne,Bonamici
422,Oregon,Congressional District 3,82267862,70878.0,830995.0,529925692,969661929,Jeff Merkley (D),Ron Wyden (D),78.59515801189383,Earl Blumenauer,Democrat,Earl Blumenauer (D),443,Oregon 3rd,2891,Earl,Blumenauer
423,Oregon,Congressional District 5,1207538177,117605.0,818296.0,529925692,969661929,Jeff Merkley (D),Ron Wyden (D),109.06249814165588,Kurt Schrader,Democrat,Kurt Schrader (D),700,Oregon 5th,2891,Kurt,Schrader
424,Oregon,Congressional District 4,2227417158,49000.0,794776.0,529925692,969661929,Jeff Merkley (D),Ron Wyden (D),92.00178836807828,Peter DeFazio,Democrat,Peter DeFazio (D),575,Oregon 4th,2891,Peter,DeFazio
425,Oregon,Congressional District 2,1904150525,95334.0,805737.0,529925692,969661929,Jeff Merkley (D),Ron Wyden (D),91.00897161908294,Greg Walden,Republican,Greg Walden (R),618,Oregon 2nd,2891,Greg,Walden
426,Washington,Congressional District 1,1097951634,50506.0,742135.0,2470867887,1811901682,Maria Cantwell (D),Patty Murray (D),274.5705339389955,Suzan DelBene,Democrat,Suzan DelBene (D),990,Washington 1st,10345,Suzan,DelBene
427,Washington,Congressional District 3,1219984100,55727.0,719101.0,2470867887,1811901682,Maria Cantwell (D),Patty Murray (D),142.7696621796701,Jaime Herrera Beutler,Republican,Jaime Herrera Beutler (R),942,Washington 3rd,10345,Jaime Herrera,Beutler
428,Washington,Congressional District 10,234826813,60036.0,735240.0,2470867887,1811901682,Maria Cantwell (D),Patty Murray (D),28.66947729997467,Denny Heck,Democrat,Denny Heck (D),195,Washington 10th,10345,Denny,Heck
429,Washington,Congressional District 5,598822284,34799.0,705266.0,2470867887,1811901682,Maria Cantwell (D),Patty Murray (D),159.80386093467692,Cathy McMorris Rodgers,Republican,Cathy McMorris Rodgers (R),932,Washington 5th,10345,Cathy,McMorris Rodgers
430,Washington,Congressional District 4,808206849,265175.0,719814.0,2470867887,1811901682,Maria Cantwell (D),Patty Murray (D),241.32713215851604,Dan Newhouse,Republican,Dan Newhouse (R),1889,Washington 4th,10345,Dan,Newhouse
431,Washington,Congressional District 7,339685089,35483.0,768042.0,2470867887,1811901682,Maria Cantwell (D),Patty Murray (D),109.43612517685654,Pramila Jayapal,Democrat,Pramila Jayapal (D),624,Washington 7th,10345,Pramila,Jayapal
432,Washington,Congressional District 2,2683559157,58274.0,730430.0,2470867887,1811901682,Maria Cantwell (D),Patty Murray (D),778.8553267654046,Rick Larsen,Democrat,Rick Larsen (D),2467,Washington 2nd,10345,Rick,Larsen
433,Washington,Congressional District 9,104450286,65381.0,738464.0,2470867887,1811901682,Maria Cantwell (D),Patty Murray (D),308.07628616670223,Adam Smith,Democrat,Adam Smith (D),1181,Washington 9th,10345,Adam,Smith
434,Washington,Congressional District 6,5101382519,35069.0,698764.0,2470867887,1811901682,Maria Cantwell (D),Patty Murray (D),118.19869313524696,Derek Kilmer,Democrat,Derek Kilmer (D),529,Washington 6th,10345,Derek,Kilmer
435,Washington,Congressional District 8,370410119,67758.0,737080.0,2470867887,1811901682,Maria Cantwell (D),Patty Murray (D),83.01035924395325,Kim Schrier,Democrat,Kim Schrier (D),596,Washington 8th,10345,Kim,Schrier
